-- phpMyAdmin SQL Dump
-- version 4.9.5
-- https://www.phpmyadmin.net/
--
-- Host: localhost:3306
-- Generation Time: 19 يوليو 2020 الساعة 14:48
-- إصدار الخادم: 10.3.16-MariaDB
-- PHP Version: 7.3.12

SET SQL_MODE = "NO_AUTO_VALUE_ON_ZERO";
SET AUTOCOMMIT = 0;
START TRANSACTION;
SET time_zone = "+00:00";


/*!40101 SET @OLD_CHARACTER_SET_CLIENT=@@CHARACTER_SET_CLIENT */;
/*!40101 SET @OLD_CHARACTER_SET_RESULTS=@@CHARACTER_SET_RESULTS */;
/*!40101 SET @OLD_COLLATION_CONNECTION=@@COLLATION_CONNECTION */;
/*!40101 SET NAMES utf8mb4 */;

--
-- Database: `id12905917_theshow`
--

-- --------------------------------------------------------

--
-- بنية الجدول `admins`
--

CREATE TABLE `admins` (
  `id` int(11) NOT NULL,
  `userName` text COLLATE utf8_unicode_ci NOT NULL,
  `password` text COLLATE utf8_unicode_ci NOT NULL,
  `permission` int(11) NOT NULL,
  `image` text COLLATE utf8_unicode_ci NOT NULL
) ENGINE=InnoDB DEFAULT CHARSET=utf8 COLLATE=utf8_unicode_ci;

--
-- إرجاع أو استيراد بيانات الجدول `admins`
--

INSERT INTO `admins` (`id`, `userName`, `password`, `permission`, `image`) VALUES
(1, 'Mohamedghattas', '299129b6ca094e4621e97d763f754a69fd436789', 777, '56f5a3f4d3f643ae.jpg.jpg'),
(2, 'alielmorsy', 'd18d021fc5ab6ba59427fbd7a6680d86155ddb8c', 777, ' asd');

-- --------------------------------------------------------

--
-- بنية الجدول `cast_list`
--

CREATE TABLE `cast_list` (
  `id` int(11) NOT NULL,
  `name` text COLLATE utf8_bin NOT NULL,
  `imageUrl` text COLLATE utf8_bin NOT NULL
) ENGINE=InnoDB DEFAULT CHARSET=utf8 COLLATE=utf8_bin;

--
-- إرجاع أو استيراد بيانات الجدول `cast_list`
--

INSERT INTO `cast_list` (`id`, `name`, `imageUrl`) VALUES
(1, 'Steven Spielberg', '090bc5342de1959b.jpg'),
(2, 'Martin Scorsese', 'deae4424999a3609.jpg'),
(3, 'Alfred Hitchcock', '521d492fedcdcd9a.jpg'),
(4, 'Stanley Kubrick', '6b5f24d65902d128.jpg'),
(5, 'Quentin Tarantino', '3dc12fc32d9bb8f4.jpg'),
(6, 'Orson Welles', '9fca5337b2e1afdb.jpg'),
(7, 'Ridley Scott', '714afb4260436de0.jpg'),
(8, 'Akira Kurosawa', 'd5a3b33164541f35.jpg'),
(9, 'Joel Coen', '712a6d10a006effd.jpg'),
(10, 'Ethan Coen', 'c7af9814bd47d2b3.jpg'),
(11, 'John Ford', '22b35f6d4658757c.jpg'),
(12, 'Sergio Leone', 'cf424b43d2627a07.jpg'),
(13, 'Woody Allen', 'fc5996a74b6dce07.jpg'),
(14, 'Billy Wilder', '0df6231fc7a82d2d.jpg'),
(15, 'Clint Eastwood', '5cd3ebd3edbfdaf5.jpg'),
(16, 'Christopher Nolan', '529d3c53b482ac64.jpg'),
(17, 'David Fincher', 'ed45b12f14195d0a.jpg'),
(18, 'James Cameron', '208e1752d92d7e2d.jpg'),
(19, 'Sam Mendes', '86f7331ca94d10c2.jpg'),
(20, 'Wes Anderson', 'cb23f738d954d917.jpg');

-- --------------------------------------------------------

--
-- بنية الجدول `categories`
--

CREATE TABLE `categories` (
  `categoryID` int(11) NOT NULL,
  `category` text COLLATE utf8_bin NOT NULL
) ENGINE=InnoDB DEFAULT CHARSET=utf8 COLLATE=utf8_bin;

--
-- إرجاع أو استيراد بيانات الجدول `categories`
--

INSERT INTO `categories` (`categoryID`, `category`) VALUES
(1, 'Fantsy'),
(2, 'History'),
(3, 'Horror'),
(4, 'Music'),
(5, 'Mystrey'),
(6, 'Romance'),
(7, 'Sci-Fi'),
(8, 'Science Fiction'),
(9, 'Sport'),
(10, 'Action'),
(11, 'Adventure'),
(12, 'Animation'),
(13, 'Comedy'),
(14, 'Crime'),
(15, 'Documentary'),
(16, 'Drama'),
(17, 'Family'),
(18, 'Thirller'),
(19, 'Tv Movie'),
(20, 'War'),
(21, 'Western');

-- --------------------------------------------------------

--
-- بنية الجدول `conf`
--

CREATE TABLE `conf` (
  `version` text COLLATE utf8_bin NOT NULL
) ENGINE=InnoDB DEFAULT CHARSET=utf8 COLLATE=utf8_bin;

--
-- إرجاع أو استيراد بيانات الجدول `conf`
--

INSERT INTO `conf` (`version`) VALUES
('1.0-b');

-- --------------------------------------------------------

--
-- بنية الجدول `episdoes_list`
--

CREATE TABLE `episdoes_list` (
  `id` int(11) NOT NULL,
  `name` text COLLATE utf8_bin NOT NULL,
  `rating` float NOT NULL,
  `duration` int(11) NOT NULL,
  `season_id` int(11) NOT NULL,
  `episode_number` int(11) NOT NULL
) ENGINE=InnoDB DEFAULT CHARSET=utf8 COLLATE=utf8_bin;

--
-- إرجاع أو استيراد بيانات الجدول `episdoes_list`
--

INSERT INTO `episdoes_list` (`id`, `name`, `rating`, `duration`, `season_id`, `episode_number`) VALUES
(1, 'Bienvenidos', 7.8, 3300, 4, 1),
(2, 'Deseo ', 7.9, 3240, 4, 2),
(3, 'Sábado noche', 8.2, 3120, 4, 3),
(4, 'El amor es una droga', 8.1, 2820, 4, 4),
(5, 'Todos mienten', 7.9, 2880, 4, 5),
(6, 'Todo va a salir bien ', 8.1, 2880, 4, 6),
(7, 'Todo estalla', 8.6, 2760, 4, 7),
(8, 'Assilah', 8.4, 3060, 4, 8),
(9, '20 horas desaparecido', 8.2, 2880, 5, 1),
(10, '34 horas desaparecido', 8.2, 2940, 5, 2),
(11, '36 horas desaparecido \r\n', 8.3, 2820, 5, 3),
(12, '59 horas desaparecido \r\n', 8.1, 2880, 5, 4),
(13, '63 horas desaparecido \r\n', 8.2, 3600, 5, 5),
(14, '66 horas desaparecido \r\n', 8.3, 3600, 5, 6),
(15, '84 horas desaparecido \r\n', 8.9, 3600, 5, 7),
(16, '0 horas desaparecido \r\n', 9.1, 3000, 5, 8),
(17, 'Carla \r\n', 8.1, 3600, 6, 1),
(18, 'Samuel and Guzmán \r\n', 8.3, 3600, 6, 2),
(19, 'Cayetana and Valerio \r\n', 8.3, 3600, 6, 3),
(20, 'Lu \r\n', 8.5, 3600, 6, 4),
(21, 'Ander \r\n', 8.8, 3600, 6, 5),
(22, 'Rebeca \r\n', 8.5, 3600, 6, 6),
(23, 'Nadia and Omar \r\n', 8.6, 3600, 6, 7),
(24, 'Polo \r\n', 9.2, 3600, 6, 8),
(25, 'Dear Diary...', 7.4, 1080, 7, 1),
(26, 'The Master of One F**k \r\n', 7.7, 1200, 7, 2),
(27, 'The Party\'s Over \r\n', 7.7, 1680, 7, 3),
(28, 'Stan by Me \r\n', 7.8, 1380, 7, 4),
(29, 'Another Day in Paradise \r\n', 8.1, 1380, 7, 5),
(30, 'Like Father, Like Daughter \r\n', 7.9, 1140, 7, 6),
(31, 'Deepest, Darkest Secret \r\n', 8.7, 1440, 7, 7),
(32, 'Secrets \r\n', 8.2, 3060, 8, 1),
(33, 'Lies \r\n', 8.1, 2640, 8, 2),
(34, 'Past and Present \r\n', 8.6, 2700, 8, 3),
(35, 'Double Lives \r\n', 8.3, 2820, 8, 4),
(36, 'Truths ', 8.9, 2700, 8, 5),
(37, 'Sic Mundus Creatus Est \r\n', 9.1, 3060, 8, 6),
(38, 'Crossroads \r\n', 8.7, 3120, 8, 7),
(39, 'As You Sow, so You Shall Reap \r\n', 9.2, 3000, 8, 8),
(40, 'Everything Is Now \r\n', 8.7, 3300, 8, 9),
(41, 'Alpha and Omega \r\n', 9.2, 3420, 8, 10),
(42, 'Beginnings and Endings \r\n', 8.9, 3180, 9, 1),
(43, 'Dark Matter \r\n', 9.1, 3240, 9, 2),
(44, 'Ghosts ', 9.2, 3360, 9, 3),
(45, 'The Travelers \r\n', 9.5, 3600, 9, 4),
(46, 'Lost and Found \r\n', 9.4, 3360, 9, 5),
(47, 'An Endless Cycle \r\n', 9.6, 3240, 9, 6),
(48, 'The White Devil \r\n', 9.3, 3480, 9, 7),
(49, 'Endings and Beginnings \r\n', 9.5, 3420, 9, 8),
(50, 'Lyra\'s Jordan \r\n', 8.1, 3300, 10, 1),
(51, 'The Idea of North \r\n', 8.2, 3360, 10, 2),
(52, 'The Spies \r\n', 8.2, 3300, 10, 3),
(53, 'Armour \r\n', 8.6, 3360, 10, 4),
(54, 'The Lost Boy \r\n', 8.3, 3300, 10, 5),
(55, 'The Daemon-Cages \r\n', 8.8, 3180, 10, 6),
(56, 'The Fight to the Death \r\n', 8.2, 3300, 10, 7),
(57, 'Betrayal \r\n', 8.6, 3360, 10, 8),
(58, 'Fish in a Barrel \r\n', 9, 3660, 11, 1),
(59, 'Roanoke \r\n', 8.8, 3600, 11, 2),
(60, 'Dark Uncle \r\n', 8.2, 3600, 11, 3),
(61, 'Que Viene el Coco \r\n', 8.2, 3600, 11, 4),
(62, 'Tear-Drinker \r\n', 7.7, 3420, 11, 5),
(63, 'The One About the Yiddish Vampire \r\n', 8.3, 3600, 11, 6),
(64, 'In the Pines, in the Pines \r\n', 7.6, 3420, 11, 7),
(65, 'Foxhead \r\n', 8.3, 3600, 11, 8),
(66, 'Tigers and Bears \r\n', 8.5, 3180, 11, 9),
(67, 'Must/Can\'t \r\n', 7.3, 3780, 11, 10),
(68, 'Chapter One: The Vanishing of Will Byers', 8.6, 3000, 12, 1),
(69, 'Chapter Two: The Weirdo on Maple Street \r\n', 8.5, 3000, 12, 2),
(70, 'Chapter Three: Holly, Jolly \r\n', 8.9, 3000, 12, 3),
(71, 'Chapter Four: The Body \r\n', 9, 3000, 12, 4),
(72, 'Chapter Five: The Flea and the Acrobat \r\n', 8.8, 3000, 12, 5),
(73, 'Chapter Six: The Monster \r\n', 8.9, 3000, 12, 6),
(74, 'Chapter Seven: The Bathtub \r\n', 9.1, 3000, 12, 7),
(75, 'Chapter Eight: The Upside Down \r\n', 9.4, 3000, 12, 8),
(76, 'Chapter One: MADMAX \r\n', 8.3, 3200, 13, 1),
(77, 'Chapter Two: Trick or Treat, Freak \r\n', 8.4, 3200, 13, 2),
(78, 'Chapter Three: The Pollywog \r\n', 8.7, 3060, 13, 3),
(79, 'Chapter Four: Will the Wise \r\n', 8.7, 2800, 13, 4),
(80, 'Chapter Five: Dig Dug \r\n', 8.9, 3000, 13, 5),
(81, 'Chapter Six: The Spy \r\n', 9.2, 3060, 13, 6),
(82, 'Chapter Seven: The Lost Sister \r\n', 6.1, 2700, 13, 7),
(83, 'Chapter Eight: The Mind Flayer \r\n', 9.3, 3000, 13, 8),
(84, 'Chapter Nine: The Gate \r\n', 9.4, 3660, 13, 9),
(85, 'Chapter One: Suzie, Do You Copy? \r\n', 7.9, 3000, 14, 1),
(86, 'Chapter Two: The Mall Rats \r\n', 8.1, 3000, 14, 2),
(87, 'Chapter Three: The Case of the Missing Lifeguard \r\n', 8.4, 2940, 14, 3),
(88, 'Chapter Four: The Sauna Test \r\n', 9, 3120, 14, 4),
(89, 'Chapter Five: The Flayed \r\n', 8.6, 3060, 14, 5),
(90, 'Chapter Six: E Pluribus Unum \r\n', 8.7, 3540, 14, 6),
(91, 'Chapter Seven: The Bite \r\n', 8.8, 3300, 14, 7),
(92, 'Chapter Eight: The Battle of Starcourt \r\n', 9.3, 4100, 14, 8),
(93, 'Se acabaron las máscaras \r\n', 8.6, 3240, 15, 1),
(94, 'La cabeza del plan \r\n', 8.5, 2520, 15, 2),
(95, 'Cuestión de eficacia \r\n', 8.8, 2580, 15, 3),
(96, '¿Qué hemos hecho? \r\n', 8.8, 3300, 15, 4),
(97, 'A contrarreloj \r\n', 8.8, 2920, 15, 5),
(98, 'Bella ciao \r\n', 9.4, 2980, 15, 6),
(99, 'Hemos vuelto \r\n', 8.3, 3000, 16, 1),
(100, 'Aikido ', 8.4, 2860, 16, 2),
(101, '48 metros bajo el suelo \r\n', 8.5, 2940, 16, 3),
(102, 'La hora del delfín \r\n', 8.2, 2580, 16, 4),
(103, 'Bum, bum, ciao \r\n', 8.1, 2940, 16, 5),
(104, 'Todo pareció insignificante \r\n', 8.4, 2760, 16, 6),
(105, 'Pequeñas vacaciones \r\n', 8.5, 2640, 16, 7),
(106, 'La deriva \r\n', 9.5, 2880, 16, 8),
(107, 'The End\'s Beginning \r\n', 8.4, 3660, 17, 1),
(108, 'Four Marks \r\n', 7.9, 3540, 17, 2),
(109, 'Betrayer Moon \r\n', 8.8, 3940, 17, 3),
(110, 'Of Banquets, Bastards and Burials \r\n', 8.6, 3720, 17, 4),
(111, 'Bottled Appetites \r\n', 8.5, 3540, 17, 5),
(112, 'Rare Species \r\n', 8.3, 3540, 17, 6),
(113, 'Before a Fall \r\n', 8.6, 2880, 17, 7),
(114, 'Much More \r\n', 9, 3540, 17, 8),
(115, 'Welcome to Matheson \r\n', 7.5, 3480, 18, 1),
(116, 'Trapper / Keeper \r\n', 7.4, 3000, 18, 2),
(117, 'Head Games \r\n', 7.8, 2640, 18, 3),
(118, 'The Keepers of the Keys \r\n', 7.7, 2640, 18, 4),
(119, 'Family Tree \r\n', 7.5, 3000, 18, 5),
(120, 'The Black Door \r\n', 7.5, 2820, 18, 6),
(121, 'Dissection \r\n', 7.5, 2580, 18, 7),
(122, 'Ray of F**king Sunshine \r\n', 7.9, 2880, 18, 8),
(123, 'Echoes \r\n', 7.6, 3940, 18, 9),
(124, 'Crown of Shadows \r\n', 7.6, 2400, 18, 10),
(125, 'Disaster \r\n', 8.2, 2580, 19, 1),
(126, 'Debts \r\n', 8.4, 2580, 19, 2),
(127, 'Claire ', 8.7, 2580, 19, 3),
(128, 'Take My Hand \r\n', 8, 2580, 19, 4),
(129, 'First Case, Second Base \r\n', 8.2, 2580, 19, 5),
(130, '45-Degree Angle \r\n', 7.8, 2600, 19, 6),
(131, 'SFAD ', 8.4, 2520, 19, 7),
(132, 'Moonshot \r\n', 8.1, 2580, 19, 8),
(133, 'Incomplete \r\n', 7.7, 2580, 19, 9),
(134, 'Friends and Family \r\n', 9, 2580, 19, 10),
(135, 'Fractured \r\n', 8.3, 2580, 19, 11),
(136, 'Mutations \r\n', 8.4, 2520, 19, 12),
(137, 'Sex and Death \r\n', 8, 2580, 19, 13),
(138, 'Influence \r\n', 8, 2460, 19, 14),
(139, 'Unsaid ', 8.3, 2520, 19, 15),
(140, 'Autopsy ', 8.6, 2580, 19, 16),
(141, 'Fixation \r\n', 8.2, 2580, 19, 17),
(142, 'Into the Ring', 8.5, 3180, 20, 1),
(143, 'Cut Man', 9, 3180, 20, 2),
(144, 'Rabbit in a Snowstorm', 8.4, 3120, 20, 3),
(145, 'In the Blood \r\n', 8.8, 3120, 20, 4),
(146, 'World on Fire \r\n', 8.8, 3360, 20, 5),
(147, 'Condemned \r\n', 9, 2880, 20, 6),
(148, 'Stick \r\n', 8.7, 3000, 20, 7),
(149, 'Shadows in the Glass \r\n', 9, 3180, 20, 8),
(150, 'Speak of the Devil \r\n', 9.2, 3480, 20, 9),
(151, 'Nelson v. Murdock \r\n', 8.6, 3420, 20, 10),
(152, 'The Path of the Righteous \r\n', 8.8, 3600, 20, 11),
(153, 'The Path of the Righteous \r\n', 8.8, 3600, 20, 12),
(154, 'Daredevil \r\n', 9.4, 3360, 20, 13),
(155, 'Bang \r\n', 9, 2880, 21, 1),
(156, 'Dogs to a Gunfight \r\n', 8.8, 3000, 21, 2),
(157, 'New York\'s Finest \r\n', 9.5, 2880, 21, 3),
(158, 'Penny and Dime \r\n', 9.5, 3600, 21, 4),
(159, 'Kinbaku \r\n', 8.4, 3360, 21, 5),
(160, 'Regrets Only \r\n', 8.7, 3360, 21, 6),
(161, 'Semper Fidelis \r\n', 8.7, 3360, 21, 7),
(162, 'Guilty as Sin \r\n', 9.1, 3240, 21, 8),
(163, 'Seven Minutes in Heaven \r\n', 9.5, 3540, 21, 9),
(164, 'The Man in the Box \r\n', 9.1, 3120, 21, 10),
(165, '.380 \r\n', 8.8, 3300, 21, 11),
(166, 'The Dark at the End of the Tunnel \r\n', 9, 3120, 21, 12),
(167, 'A Cold Day in Hell\'s Kitchen \r\n', 9.3, 3480, 21, 13),
(168, 'Resurrection \r\n', 8.5, 3180, 22, 1),
(169, 'Please \r\n', 8.7, 3000, 22, 2),
(170, 'No Good Deed \r\n', 8.7, 3000, 22, 3),
(171, 'Blindsided \r\n', 9.6, 3240, 22, 4),
(172, 'The Perfect Game \r\n', 9, 3000, 22, 5),
(173, 'The Devil You Know \r\n', 9.6, 3240, 22, 6),
(174, 'Aftermath \r\n', 8.9, 3000, 22, 7),
(175, 'Upstairs/Downstairs \r\n', 9.2, 3000, 22, 8),
(176, 'Revelations \r\n', 9.2, 3240, 22, 9),
(177, 'Karen \r\n', 8.8, 2760, 22, 10),
(178, 'Reunion \r\n', 9.2, 3000, 22, 11),
(179, 'One Last Shot \r\n', 9.4, 3300, 22, 12),
(180, 'A New Napkin \r\n', 9.6, 3240, 22, 13),
(181, 'It\'s Summer and We\'re Running Out of Ice \r\n', 8, 3060, 23, 1),
(182, 'Martial Feats of Comanche Horsemanship \r\n', 8, 3300, 23, 2),
(183, 'She Was Killed by Space Junk \r\n', 8.5, 3180, 23, 3),
(184, 'If You Don\'t Like My Story, Write Your Own \r\n', 8.1, 3120, 23, 4),
(185, 'Little Fear of Lightning \r\n', 9.1, 3060, 23, 5),
(186, 'This Extraordinary Being \r\n', 9.2, 3060, 23, 6),
(187, 'An Almost Religious Awe \r\n', 9.1, 3480, 23, 7),
(188, 'A God Walks into Abar \r\n', 9.5, 3780, 23, 8),
(189, 'See How They Fly \r\n', 8.9, 4000, 23, 9),
(190, 'Pilot \r\n', 8.3, 2880, 24, 1),
(191, 'The Last Nice Guy In New York \r\n', 8.1, 2700, 24, 2),
(192, 'Maybe \r\n', 8, 2700, 24, 3),
(193, 'The Captain \r\n', 7.6, 2600, 24, 4),
(194, 'Living with the Enemy \r\n', 8.2, 2700, 24, 5),
(195, 'Amour Fou \r\n', 8.3, 2700, 24, 6),
(196, 'Everythingship \r\n', 7.7, 2460, 24, 7),
(197, 'You Got Me, Babe \r\n', 7.9, 2700, 24, 8),
(198, 'Candace \r\n', 8.7, 2700, 24, 9),
(199, 'Bluebeard\'s Castle \r\n', 8.7, 2940, 24, 10),
(200, 'A Fresh Start \r\n', 8.4, 2940, 25, 1),
(201, 'Just the Tip \r\n', 8.1, 2940, 25, 2),
(202, 'What Are Friends For? \r\n', 7.9, 2940, 25, 3),
(203, 'The Good, the Bad, & the Hendy \r\n', 8.3, 2880, 25, 4),
(204, 'Have a Good Wellkend, Joe! \r\n', 8, 2940, 25, 5),
(205, 'Farewell, My Bunny \r\n', 8.2, 2700, 25, 6),
(206, 'Ex-istential Crisis \r\n', 8.5, 3000, 25, 7),
(207, 'Fear and Loathing in Beverly Hills \r\n', 8.9, 2880, 25, 8),
(208, 'P.I. Joe \r\n', 9.1, 2640, 25, 9),
(209, 'Love, Actually \r\n', 8.8, 2940, 25, 10),
(210, 'The Bad Beginning: Part One \r\n', 7.7, 2940, 26, 1),
(211, 'The Bad Beginning: Part Two \r\n', 8, 4060, 26, 2),
(212, 'The Reptile Room: Part One \r\n', 8.3, 2880, 26, 3),
(213, 'The Reptile Room: Part Two \r\n', 8.2, 2620, 26, 4),
(214, 'The Wide Window: Part One \r\n', 7.7, 2520, 26, 5),
(215, 'The Wide Window: Part Two \r\n', 7.8, 3180, 26, 6),
(216, 'The Miserable Mill: Part One \r\n', 8.2, 2640, 26, 7),
(217, 'The Miserable Mill: Part Two \r\n', 8.5, 2820, 26, 8),
(218, 'The Austere Academy: Part One \r\n', 8, 2640, 27, 1),
(219, 'The Austere Academy: Part Two \r\n', 8, 3120, 27, 2),
(220, 'The Ersatz Elevator: Part One \r\n', 8.2, 3120, 27, 3),
(221, 'The Ersatz Elevator: Part Two \r\n', 8.2, 2460, 27, 4),
(222, 'The Vile Village: Part One \r\n', 7.8, 2880, 27, 5),
(223, 'The Vile Village: Part Two \r\n', 8, 2460, 27, 6),
(224, 'The Hostile Hospital: Part One \r\n', 8.4, 2640, 27, 7),
(225, 'The Hostile Hospital: Part Two \r\n', 8.3, 2400, 27, 8),
(226, 'The Carnivorous Carnival: Part One \r\n', 8.5, 2640, 27, 9),
(227, 'The Carnivorous Carnival: Part Two \r\n', 8.5, 2520, 27, 10),
(228, 'The Slippery Slope: Part One \r\n', 8.1, 2640, 28, 1),
(229, 'The Slippery Slope: Part Two \r\n', 8.1, 2700, 28, 2),
(230, 'Grim Grotto: Part 1 \r\n', 7.7, 2700, 28, 3),
(231, 'Grim Grotto: Part 2 \r\n', 8, 2200, 28, 4),
(232, 'Penultimate Peril: Part 1 \r\n', 8.8, 3300, 28, 5),
(233, 'Penultimate Peril: Part 2 \r\n', 8.8, 3120, 28, 6),
(234, 'The End \r\n', 8.6, 3120, 28, 7),
(235, 'USS Callister \r\n', 8.3, 4200, 29, 1),
(236, 'Arkangel ', 7.3, 3120, 29, 2),
(237, 'Crocodile \r\n', 7.3, 2940, 29, 3),
(238, 'Hang the DJ \r\n', 8.8, 3060, 29, 4),
(239, 'Metalhead ', 6.7, 2460, 29, 5),
(240, 'Black Museum \r\n', 8.7, 4060, 29, 6),
(241, 'Striking Vipers \r\n', 6.8, 3660, 30, 1),
(242, 'Smithereens ', 7.5, 4200, 30, 2),
(243, 'Rachel, Jack and Ashley Too \r\n', 6, 3820, 30, 3),
(244, 'The Original \r\n', 8.9, 4020, 31, 1),
(245, 'Chestnut \r\n', 8.5, 3480, 31, 2),
(246, 'The Stray \r\n', 8.3, 3600, 31, 3),
(247, 'Dissonance Theory \r\n', 8.7, 3480, 31, 4),
(248, 'Contrapasso \r\n', 8.7, 3420, 31, 5),
(249, 'The Adversary \r\n', 8.9, 3420, 31, 6),
(250, 'Trompe L\'Oeil \r\n', 9.5, 3300, 31, 7),
(251, 'Trace Decay \r\n', 8.8, 2420, 31, 8),
(252, 'The Well-Tempered Clavier \r\n', 9.4, 3420, 31, 9),
(253, 'The Bicameral Mind \r\n', 9.7, 5400, 31, 10),
(254, 'Journey into Night \r\n', 8.2, 4200, 32, 1),
(255, 'Reunion \r\n', 8.1, 2880, 32, 2),
(256, 'Virtù e Fortuna \r\n', 8, 3540, 32, 3),
(257, 'The Riddle of the Sphinx \r\n', 9, 4260, 32, 4),
(258, 'Akane no Mai \r\n', 7.9, 3480, 32, 5),
(259, 'Phase Space \r\n', 8.2, 2480, 32, 6),
(260, 'Les Écorchés \r\n', 8.6, 2880, 32, 7),
(261, 'Kiksuya ', 9.2, 2880, 32, 8),
(262, 'Vanishing Point \r\n', 8.8, 3540, 32, 9),
(263, 'The Passenger \r\n', 8.8, 5400, 32, 10),
(264, 'Parce Domine \r\n', 8.6, 4020, 33, 1),
(265, '1:23:45 \r\n', 9.5, 3480, 34, 1),
(266, 'Please Remain Calm \r\n', 9.7, 3900, 34, 2),
(267, 'Open Wide, O Earth \r\n', 9.6, 3900, 34, 3),
(268, 'The Happiness of All Mankind \r\n', 9.5, 4020, 34, 4),
(269, 'Vichnaya Pamyat \r\n', 9.9, 4320, 34, 5),
(270, 'Tape 1, Side A \r\n', 8.3, 3300, 35, 1),
(271, 'Tape 1, Side B \r\n', 8, 3120, 35, 2),
(272, 'Tape 2, Side A \r\n', 7.9, 3500, 35, 3),
(273, 'Tape 2, Side B \r\n', 8.1, 3500, 35, 4),
(274, 'Tape 3, Side A \r\n', 8.2, 3480, 35, 5),
(275, 'Tape 3, Side B \r\n', 8, 3120, 35, 6),
(276, 'Tape 4, Side A \r\n', 8.4, 3300, 35, 7),
(277, 'Tape 4, Side B \r\n', 8.1, 3300, 35, 8),
(278, 'Tape 5, Side A \r\n', 8.7, 3600, 35, 9),
(279, 'Tape 5, Side B \r\n', 8.6, 3000, 35, 10),
(280, 'Tape 6, Side A', 9.1, 3300, 35, 11),
(281, 'Tape 6, Side B \r\n', 9, 3720, 35, 12),
(282, 'Tape 7, Side A \r\n', 9.2, 3600, 35, 13),
(283, 'The End', 9, 2800, 19, 18),
(284, 'The Winter Line \r\n', 8.8, 3420, 33, 2),
(285, 'The Absence of Field', 9, 3500, 33, 3),
(287, 'Game over \r\n', 8.3, 3600, 36, 1),
(288, 'La boda de Berlín \r\n', 8, 3500, 36, 2),
(289, 'Lección de anatomía \r\n', 7.9, 3500, 36, 3),
(290, 'Suspiros de España \r\n', 8.6, 3450, 36, 4),
(291, '5 minutos antes \r\n', 8.4, 3600, 36, 5),
(292, 'KO técnico \r\n', 8.2, 3600, 36, 6),
(293, 'Tumbar la carpa \r\n', 8.7, 3600, 36, 7),
(294, 'Plan París \r\n', 8.7, 3600, 36, 8),
(295, 'In the Beginning ', 8.1, 3060, 37, 1),
(296, 'The Book ', 8.2, 3120, 37, 2),
(297, 'Hard Times ', 8.6, 3420, 37, 3),
(298, 'Saturday Morning Funtime ', 8.3, 3360, 37, 4),
(299, 'The Doomsday Option ', 8.4, 3120, 37, 5),
(300, 'The Very Last Day of the Rest of Their Lives ', 8.6, 3240, 37, 6),
(301, 'Sugarwood ', 8.5, 3480, 38, 1),
(302, 'Blue Cat ', 8.2, 3360, 38, 2),
(303, 'My Dripping Sleep ', 7.8, 3360, 38, 3),
(304, 'Tonight We Improvise ', 8.2, 3612, 38, 4),
(305, 'Ruling Days ', 8, 3360, 38, 5),
(306, 'Book of Ruth ', 8.2, 3540, 38, 6),
(307, 'Nest Box ', 8.2, 3540, 38, 7),
(308, 'Kaleidoscope ', 7.7, 3120, 38, 8),
(309, 'Coffee, Black ', 8.9, 3540, 38, 9),
(310, 'The Toll ', 9.2, 4815, 38, 10),
(311, 'Reparations ', 8.4, 3660, 39, 1),
(312, 'The Precious Blood of Jesus ', 8.2, 3660, 39, 2),
(313, 'Once a Langmore... ', 8, 3360, 39, 3),
(314, 'Stag ', 8.1, 3600, 39, 4),
(315, 'Game Day ', 8.9, 3600, 39, 5),
(316, 'Outer Darkness ', 8.6, 4020, 39, 6),
(317, 'One Way Out ', 8.6, 3660, 39, 7),
(318, 'The Big Sleep ', 8.4, 3840, 39, 8),
(319, 'The Badger ', 8.4, 3840, 39, 9),
(320, 'The Gold Coast ', 9, 3900, 39, 10),
(321, 'War Time ', 8.4, 3600, 40, 1),
(322, 'Civil Union ', 8.7, 3840, 40, 2),
(323, 'Kevin Cronin Was Here ', 8.7, 3540, 40, 3),
(324, 'Boss Fight ', 8.8, 3180, 40, 4),
(325, 'It Came from Michoacán ', 8.5, 3660, 40, 5),
(326, 'Su Casa Es Mi Casa ', 8.9, 3480, 40, 6),
(327, 'In Case of Emergency ', 8.6, 3600, 40, 7),
(328, 'BFF ', 9, 3420, 40, 8),
(329, 'Fire Pink ', 9.4, 3720, 40, 9),
(330, 'All In ', 9.6, 3960, 40, 10),
(331, 'Nosedive ', 8.3, 3600, 41, 1),
(332, 'Playtest \r\n', 8.1, 3600, 41, 2),
(333, 'Shut Up and Dance \r\n', 8.5, 3250, 41, 3),
(334, 'San Junipero \r\n', 8.6, 3600, 41, 4),
(335, 'Men Against Fire \r\n', 7.6, 3600, 41, 5),
(336, 'Hated in the Nation \r\n', 8.5, 5400, 41, 6),
(350, 'Apéritif ', 8.4, 2580, 43, 1),
(351, 'Amuse-Bouche ', 8.3, 2640, 43, 2),
(352, 'Potage ', 8.3, 2640, 43, 3),
(353, 'Oeuf ', 8, 2640, 43, 4),
(354, 'Coquilles ', 8.1, 2640, 43, 5),
(355, 'Entrée ', 8.6, 2640, 43, 6),
(356, 'Sorbet ', 8.8, 2640, 43, 7),
(357, 'Fromage ', 9, 2640, 43, 8),
(358, 'Trou Normand ', 8.4, 2640, 43, 9),
(359, 'Buffet Froid ', 8.8, 2640, 43, 10),
(360, 'Rôti ', 8.7, 2640, 43, 11),
(361, 'Relevés ', 8.9, 2640, 43, 12),
(362, 'Savoureux ', 9.3, 2580, 43, 13),
(364, 'Kaiseki ', 9, 2520, 44, 1),
(365, 'Sakizuke ', 9.1, 2520, 44, 2),
(366, 'Hassun ', 8.8, 2520, 44, 3),
(367, 'Takiawase ', 9.3, 2520, 44, 4),
(368, 'Mukozuke ', 9.3, 2520, 44, 5),
(369, 'Futamono ', 9.3, 2520, 44, 6),
(370, 'Yakimono ', 9.3, 2520, 44, 7),
(371, 'Su-zakana ', 8.6, 2640, 44, 8),
(372, 'Shiizakana ', 8.8, 2580, 44, 9),
(373, 'Naka-Choko ', 9, 2640, 44, 10),
(374, 'Ko no Mono ', 9.1, 2640, 44, 11),
(375, 'Tome-wan ', 9.3, 2640, 44, 12),
(376, 'Mizumono ', 9.9, 2640, 44, 13),
(377, 'Episode #2.1 ', 8.2, 3060, 45, 1),
(378, 'Episode #2.2 ', 8.1, 3000, 45, 2),
(379, 'Episode #2.3 ', 8.3, 2880, 45, 3),
(380, 'Episode #2.4 ', 8.3, 2460, 45, 4),
(381, 'Episode #2.5 ', 7.9, 3180, 45, 5),
(382, 'Episode #2.6 ', 8.6, 3240, 45, 6),
(383, 'Episode #2.7 ', 9.1, 2940, 45, 7),
(384, 'Episode #2.8 ', 7.7, 3540, 45, 8),
(385, 'Steven Sees a Ghost ', 8.2, 3540, 46, 1),
(386, 'Open Casket ', 8, 3060, 46, 2),
(387, 'Touch ', 8.7, 3060, 46, 3),
(388, 'The Twin Thing ', 8.6, 3180, 46, 4),
(389, 'The Bent-Neck Lady ', 9.5, 4200, 46, 5),
(390, 'Two Storms ', 9.4, 3420, 46, 6),
(391, 'Eulogy ', 8.3, 3540, 46, 7),
(392, 'Witness Marks ', 8.9, 2580, 46, 8),
(393, 'Screaming Meemies ', 8.9, 3480, 46, 9),
(394, 'Silence Lay Steadily ', 8.5, 4260, 46, 10),
(400, 'Offred ', 8.3, 3420, 49, 1),
(401, 'Birth Day ', 8.2, 2820, 49, 2),
(402, 'Late ', 8.7, 3180, 49, 3),
(403, 'Nolite Te Bastardes Carborundorum ', 8.3, 3180, 49, 4),
(404, 'Faithful ', 8.3, 3180, 49, 5),
(405, 'A Womans Place ', 8.8, 3300, 49, 6),
(406, 'The Other Side ', 8, 3420, 49, 7),
(407, 'Jezebels ', 8.1, 3060, 49, 8),
(408, 'The Bridge ', 8.8, 3000, 49, 9),
(409, 'Night ', 9.1, 3600, 49, 10),
(410, 'We Only See Each Other at Weddings and Funerals ', 7.9, 3540, 50, 1),
(411, 'Run Boy Run ', 7.9, 3480, 50, 2),
(412, 'Extra Ordinary ', 8, 3360, 50, 3),
(413, 'Man on the Moon ', 8.1, 3420, 50, 4),
(414, 'Number Five ', 8.3, 3120, 50, 5),
(415, 'The Day That Wasn t ', 8.4, 3420, 50, 6),
(416, 'The Day That Was ', 8.3, 3360, 50, 7),
(417, 'I Heard a Rumor ', 8.6, 3060, 50, 8),
(418, 'Changes ', 8.6, 2640, 50, 9),
(419, 'The White Violin ', 8.9, 2760, 50, 10),
(433, 'Dexter', 8.8, 3180, 52, 1),
(434, 'Crocodile', 8.3, 3180, 52, 2),
(435, 'Popping Cherry', 8.4, 3180, 52, 3),
(436, 'Let us Give the Boy a Hand', 8.7, 3180, 52, 4),
(437, 'Love American Style', 8.6, 3180, 52, 5),
(438, 'Return to Sender', 9, 3180, 52, 6),
(439, 'Circle of Friends', 8.8, 3180, 52, 7),
(440, 'Shrink Wrap', 9, 3180, 52, 8),
(441, 'Father Knows Best', 8.7, 3300, 52, 9),
(442, 'Seeing Red', 9.2, 3360, 52, 10),
(443, 'Truth Be Told', 9.3, 3420, 52, 11),
(444, 'Born Free', 9.6, 3240, 52, 12),
(449, 'It is Alive', 8.8, 3180, 53, 1),
(450, 'Waiting to Exhale', 8.6, 3180, 53, 2),
(451, 'An Inconvenient Lie', 8.7, 3180, 53, 3),
(452, 'See Through', 8.5, 3180, 53, 4),
(453, 'The Dark Defender', 8.7, 3180, 53, 5),
(454, 'Dex Lies and Videotape', 8.6, 3180, 53, 6),
(455, 'That Night, a Forest Grew', 8.8, 3180, 53, 7),
(456, 'Morning Comes', 9.1, 2940, 53, 8),
(457, 'Resistance Is Futile', 9.4, 3000, 53, 9),
(458, 'There is Something About Harry', 9, 3540, 53, 10),
(459, 'Left Turn Ahead', 9, 2880, 53, 11),
(460, 'The British Invasion', 9.2, 3570, 53, 12),
(463, 'Our Father', 8.3, 3180, 54, 1),
(464, 'Finding Freebo', 8.5, 3180, 54, 2),
(465, 'The Lion Sleeps Tonight', 8.2, 3180, 54, 3),
(466, 'All in the Family', 8.2, 3180, 54, 4),
(467, 'Turning Biminese', 8.5, 3180, 54, 5),
(468, 'Si Se Puede', 8.3, 3180, 54, 6),
(469, 'Easy As Pie', 8.6, 3180, 54, 7),
(470, 'The Damage A Man Can Do', 8.6, 3180, 54, 8),
(471, 'About Last Night', 8.8, 3180, 54, 9),
(472, 'Go Your Own Way', 9.1, 3180, 54, 10),
(473, 'I Had A Dream', 8.9, 3180, 54, 11),
(474, 'Do You Take Dexter Morgan?', 8.9, 3180, 54, 12),
(475, 'Living the Dream', 8.2, 3180, 55, 1),
(476, 'Remains to Be Seen', 8.7, 3180, 55, 2),
(477, 'Blinded by the Light', 8.3, 3180, 55, 3),
(478, 'Dex Takes A Holiday', 9.2, 3180, 55, 4),
(479, 'Dirty Harry', 9, 3180, 55, 5),
(480, 'If I Had a Hammer', 8.8, 3180, 55, 6),
(481, 'Slack Tide', 8.8, 3180, 55, 7),
(482, 'Road Kill', 8.5, 3180, 55, 8),
(483, 'Hungry Man', 9.5, 3180, 55, 9),
(484, 'Lost Boys', 9.2, 3180, 55, 10),
(485, 'Hello  Dexter Morgan', 9.5, 3300, 55, 11),
(486, 'The Getaway', 9.8, 3360, 55, 12),
(490, 'My Bad', 8.9, 3180, 56, 1),
(491, 'Hello Bandit', 8.3, 3180, 56, 2),
(492, 'Practically Perfect', 8.5, 3180, 56, 3),
(493, 'Beauty And The Beast', 8.5, 3180, 56, 4),
(494, 'First Blood', 8.1, 3180, 56, 5),
(495, 'Everything Is Illumenated', 8.8, 3180, 56, 6),
(496, 'Circle Us', 8.5, 3180, 56, 7),
(497, 'Take It', 8.9, 3180, 56, 8),
(498, 'Teenage Wasteland', 9, 3180, 56, 9),
(499, 'In The Beginning', 9, 3180, 56, 10),
(500, 'Hop A Freighter', 8.9, 3180, 56, 11),
(501, 'The Big One', 8.9, 3180, 56, 12),
(502, 'Those Kinds of Things', 8.6, 3180, 57, 1),
(503, 'Once Upon a Time...', 8.1, 3180, 57, 2),
(504, 'Smokey and the Bandit', 8.2, 3180, 57, 3),
(505, 'A Horse of a Different Color', 8.5, 3180, 57, 4),
(506, 'The Angel of Death', 8.1, 3180, 57, 5),
(507, 'Just Let Go', 8.5, 3180, 57, 6),
(508, 'Nebraska', 7.9, 3180, 57, 7),
(509, 'Sin of Omission', 7.9, 3180, 57, 8),
(510, 'Get Gellar', 8.5, 3180, 57, 9),
(511, 'Ricochet Rabbit', 8.1, 3180, 57, 10),
(512, 'Talk to the Hand', 8.4, 3180, 57, 11),
(513, 'This Is the Way the World Ends', 9.2, 3180, 57, 12),
(514, 'Are You...?', 9.5, 3180, 58, 1),
(515, 'Sunshine and Frosty Swirl', 8.8, 3180, 58, 2),
(516, 'Buck the System', 8.7, 3180, 58, 3),
(517, 'Run', 8.9, 3180, 58, 4),
(518, 'Swim Deep', 8.6, 3180, 58, 5),
(519, 'Do the Wrong Thing', 8.3, 3180, 58, 6),
(520, 'Chemistry', 8.5, 3180, 58, 7),
(521, 'Argentina', 8.9, 3180, 58, 8),
(522, 'Helter Skelter', 8.6, 3180, 58, 9),
(523, 'The Dark...Whatever', 8.5, 3180, 58, 10),
(524, 'Do You See What I See?', 9, 3180, 58, 11),
(525, 'Surprise Motherf  ker', 9.3, 3180, 58, 12),
(526, 'A Beautiful Day', 8.6, 3180, 59, 1),
(527, 'Every Silver Lining...', 8.1, 3180, 59, 2),
(528, 'What is Eating Dexter Morgan?', 8.1, 3180, 59, 3),
(529, 'Scar Tissue', 8.1, 3180, 59, 4),
(530, 'This Little Piggy', 7.9, 3180, 59, 5),
(531, 'A Little Reflection', 7.8, 3180, 59, 6),
(532, 'Dress Code', 7.6, 3180, 59, 7),
(533, 'Are We There Yet?', 8.1, 3180, 59, 8),
(534, 'Make Your Own Kind of Music', 7.4, 3180, 59, 9),
(535, 'Goodbye Miami', 6.9, 3180, 59, 10),
(536, 'Monkey in a Box', 7.2, 3180, 59, 11),
(537, 'Remember the Monsters?', 4.6, 3180, 59, 12),
(538, 'Episode #2.1', 8.6, 2700, 60, 1),
(539, 'Episode #2.2', 9, 2700, 60, 2),
(540, 'Episode #2.3', 8.7, 2700, 60, 3),
(541, 'Episode #2.4', 8.6, 2700, 60, 4),
(542, 'Episode #2.5', 9.2, 2700, 60, 5),
(543, 'Episode #2.6', 9, 2700, 60, 6);

-- --------------------------------------------------------

--
-- بنية الجدول `episodes_videos`
--

CREATE TABLE `episodes_videos` (
  `id` int(11) NOT NULL,
  `episode_id` int(11) NOT NULL,
  `fileKey` text COLLATE utf8_bin NOT NULL
) ENGINE=InnoDB DEFAULT CHARSET=utf8 COLLATE=utf8_bin;

--
-- إرجاع أو استيراد بيانات الجدول `episodes_videos`
--

INSERT INTO `episodes_videos` (`id`, `episode_id`, `fileKey`) VALUES
(3, 3, 'https://mega.nz/#!vQ9yRYRI!vTHB24340VXTqVplyOviVW10AZ2WopXvm5wGoU1SBTc'),
(4, 4, 'https://mega.nz/#!7c1iVSYb!qtEh1kZwTxNoyTH1wwyNi0tI92eFnYt6qWUGye8Z2gI'),
(5, 5, 'https://mega.nz/#!vdl2xAxS!Jr_1oeb_L4Xkcdjx2BugPSpjCP8AU7cOvynQIHVwAro'),
(6, 6, 'https://mega.nz/#!ONkUWYzY!wD3q3eFP4mAwrI6rNRRwdmqzVt4w-A9U-rmqvzVhUng'),
(7, 7, 'https://mega.nz/#!rNtATYjA!GGaDO0q822Ugi92_Vbnz0LBbDIIFnRGSjcdmZNur3OM'),
(8, 8, 'https://mega.nz/#!HRsSjAqL!A1o5Ghx1yHNNM18Jqo0uu89zcE-FqR19v8C4p0fu2dw'),
(9, 9, 'https://mega.nz/#!mIsyhI6C!uwA8uKtQSP5Awv_SX9Af4zzLM32TynanN8SGH1AEjNI'),
(10, 10, 'https://mega.nz/#!jA0GlQaY!FU793c0NqGbhjSHmyWSAE1-7cAYxcbZjDk580e2Qy0Y'),
(11, 11, 'https://mega.nz/#!iAkEQCQI!Vir78XKib_vDG3Z38s64upfTAQ8V75m-A0PWZtblfyk'),
(12, 12, 'https://mega.nz/#!eF1AXaJR!5-YlXHd_iz4HolPXbNuZXjvx6qpcMMShZ86Nu8F02oU'),
(13, 13, 'https://mega.nz/#!yJtEBSwQ!v8dSimgtKtInUV0fEbCjf-LEIdWtReP9-25_LuF_Eyk'),
(14, 14, 'https://mega.nz/#!aY1GVaRQ!xyGq7ES9-rsrTZdL1gw4yHpnSTrPkbxYbd-QJmamf2Q'),
(15, 15, 'https://mega.nz/#!LE0CSKja!h4xbWcuMnJgCzMNLEhpVtmJniuszA7CMd32cPcFtxGE'),
(16, 16, 'https://mega.nz/#!CJlmlS7K!Vpdsrjd4iH5oOaHPf8u-XWQfoFTV8pYggR-M1cUCqCo'),
(17, 17, 'https://mega.nz/#!jU9zWCTJ!vWMBPMUZcPNVOhnQFu1zDwtMMJFJE1VVE_Xw2YAmpCg'),
(18, 18, 'https://mega.nz/#!fAlDHI5a!pb3TlUzLnGC4_Js8bGXNCIZWzqiufF8ngANXNZVdGiI'),
(19, 19, 'https://mega.nz/#!mE9hEYLT!YGZJa_ZtOLsgARk4fFNv-k_OQg_YDlrXpm3jn2j8-xw'),
(20, 20, 'https://mega.nz/#!mE9hEYLT!YGZJa_ZtOLsgARk4fFNv-k_OQg_YDlrXpm3jn2j8-xw'),
(21, 21, 'https://mega.nz/#!GMtXwCCb!3cgJhbG2qG12WCR2w5auuNHsuLCfZ34Ulurt647zWaM'),
(22, 22, 'https://mega.nz/#!KB1xjSYJ!PZwfkJ-Kfc5buoSLZrJx-aHXy-Cg1rdF6B2vcMxsGUY'),
(23, 23, 'https://mega.nz/#!GIl1TI6L!rYefsGtsnDQNNGa6CsUn4ub63DNkOIAAKk-LD3geozs'),
(24, 24, 'https://mega.nz/#!zMsjkaaC!mG9vw7h08Y-R4fyAksbd5kmmx4HSK-3inCh76phKe5Y'),
(25, 25, 'https://mega.nz/#!2Bhj2CIS!SUOMVR4RVQrzDxYKR7moEGEiINMTrhRNMa16Tzgg3IY'),
(26, 26, 'https://mega.nz/#!OMoXlYxZ!3pELiiPQLV6pQxeFzNWzJb4U-gAK3iTmCtVpXHaa41g'),
(27, 27, 'https://mega.nz/#!KZwjTAYb!GCKJcPkIyjk4WEa61kWXgaQW_ZE8PZBgKsobskvUAoM'),
(28, 28, 'https://mega.nz/#!TUphASLK!8J3yXgehLUZn5L_gDLQXSfzQqDlkk3tuuRflUjHuf34'),
(29, 29, 'https://mega.nz/#!nBwRmQQT!MVWnDUODsP0jo94Z3yqR2N3QfYFO2wqgP1bHRa6g1RQ'),
(30, 30, 'https://mega.nz/#!HEg3jApD!fZb7V5EfNNoNRmdMc8WeZPWacQ6sABXLNCY6Rm2WkLI'),
(31, 31, 'https://mega.nz/#!jdpXVCCQ!-vfqp8O9fGZdRfguIjGhK_5huc0YSbYD5OQH0YuDBh8'),
(32, 32, 'https://mega.nz/#!KFAWjAaB!iK_qwBQzbFtJvyYpFn6JYr5of_dQbuHViyYbBi40RnM'),
(33, 33, 'https://mega.nz/#!zAIGmYDS!6OkTuJHYC-xE9Op5WTwKGLvTnXGH6ciAcR1lJNnEN6k'),
(34, 34, 'https://mega.nz/#!eNIymChZ!SZcUjNLRV3_Nb2jReEbNu1DyPGPi3s8oPZcD3AwO48o'),
(35, 35, 'https://mega.nz/#!KRAWHQqB!cPgmtAx4zePDJ7pasEh73dA44j8pmYNyDzercYiOHWc'),
(36, 36, 'https://mega.nz/#!zJYWCSpJ!zL-zML0E070iqdN19pnRs6hhDxnpa11qsnH81FhlBAg'),
(37, 37, 'https://mega.nz/#!DJACGQJI!igIRYgQNmY0-2NyUXQQej0rEJo0AgRWF0ZYca0Yqsp8'),
(38, 38, 'https://mega.nz/#!mIBggSST!H9dExHa_QmotTDKdFXY37Rf3mYFSLrmwQJAyQhpP9QE'),
(39, 39, 'https://mega.nz/#!PZRQnKbS!ExgCluF6APSyg8dnn4z8f4xjxxSiRpERzI2PdHVc-bs'),
(40, 40, 'https://mega.nz/#!SYRC3Q5I!9545VHXk_b1T2YuL-Gy-plA04Lh9uWEjuphbaGBfC0I'),
(41, 41, 'https://mega.nz/#!WQIEhYAC!9r85kJokgE_taUlvNw7VloeP0M4n0paUHoWmuSfUuYE'),
(42, 42, 'https://mega.nz/#!2RI00SIL!v4NOSWayHeFExVqPTICsy9FPb6MCRpSY-MitJ1wopdQ'),
(43, 43, 'https://mega.nz/#!SMIGjYSb!GIJQY6RrJ_J5FpLgqd6IetH3cB3YTsbpM84Mro1BMWM'),
(44, 44, 'https://mega.nz/#!zVYGhYjI!5HF_ZPCXmcvzLU7pIp4rus5u9y5xJT9yZWIh14duoBQ'),
(45, 45, 'https://mega.nz/#!CNJimKJR!dMhHiivs3eGnegq6Nalc4_6QDoyQPg9LfI0Qvdk2Fo4'),
(46, 46, 'https://mega.nz/#!HRJwQarA!-GmgQbnvg23myXrixQk0k4i1Sxg5XsLSqHYERabQhaA'),
(47, 47, 'https://mega.nz/#!7FYG1YhT!IrSaR-ebIJsbuZbqHfNWajCpUqu_mELgRn4f_1ZnwWY'),
(48, 48, 'https://mega.nz/#!jYYEFIJR!RjluOtHkr1VNhZ9sIdUJrwFqnrvUIVry_dkygqzA9zk'),
(49, 49, 'https://mega.nz/#!2FZ2zYIC!23U1EkP8vmC6Dd0bJ4xhmjdSs7BoY_89rVU7xpyCsug'),
(50, 50, 'https://mega.nz/#!GN5RTJ4b!P8MFdy8hNl1nc3sZRi4GHGBW-G-GSFTcqimfbl89zTw'),
(51, 51, 'https://mega.nz/#!HZwnmLoA!qjoWemvnd2zqjEO_erQx56_OGyT4xrVFsDC_5_V6keM'),
(52, 52, 'https://mega.nz/#!3V4BSRxY!_XfSTzwvVDOZlkJ8B-kZkNTJ4GXteSl17H-55VH77Ao'),
(53, 53, 'https://mega.nz/#!WFgREbCQ!r8uQnkp71IDXjeSvgU5659ohvxtQ3R6334CcJhSZmdE'),
(54, 54, 'https://mega.nz/#!eQpV2JBA!4bgFTHOTGsY-R7CxAYMB0w81eQiuQYh0Th34RFZo1ZM'),
(55, 55, 'https://mega.nz/#!2cgFVL4A!MRdGpGk05kHnC0NTAZwBKJN7uwHKW9x8jKtKNUvzwEs'),
(56, 56, 'https://mega.nz/#!PBo1SL6Y!XaKD2BRrM4sL--cqeZ9neGAe_BFivAbwB5ptssS8Dwc'),
(57, 57, 'https://mega.nz/#!vY5FhZgb!OABNU1DLRtHu_JEeXF3fjtMUPxC_fLxRa8hUGcHJMmI'),
(58, 58, 'https://mega.nz/#!mQYigSQb!O7TM8ou49I4DkFDCwSGVDZsUFrUR0u24IUO86Z_ScSU'),
(59, 59, 'https://mega.nz/#!SVJAlYYa!3NzZL4rY7FXNww4bbFkYKLDv_lpJRQzIWkFYqXcF928'),
(60, 60, 'https://mega.nz/#!6AAwhagT!Q-akBRABaSIJ3Rl4_rxD2GFB9lKasvBl8KqwrkFuWNc'),
(61, 61, 'https://mega.nz/#!CJAwDILT!bJCPD9EHNo9I6grDl6ZHp7KCw8iWzp7wS7oT9EZvXKI'),
(62, 62, 'https://mega.nz/#!mdBwCCpC!b7C-0OqsOHEaaK9R8S-FV1mu7E_aPMlAFMaQeQzXI5g'),
(63, 63, 'https://mega.nz/#!XJQUASYS!CoFfutSlYyC8oeIfk95ZzYDY_gfzDSRVZC1bmzDF17M'),
(64, 64, 'https://mega.nz/#!XMAEXQwZ!-Y_EDt1jbkhZC-GhvP_8SuwRalaEkTUWfhT1uSeowtQ'),
(65, 65, 'https://mega.nz/#!HNAGEKpb!F_MBbCiGLizi-J-8qCq6HmhSrMiKoPwmRmA_qkO7g9s'),
(66, 66, 'https://mega.nz/#!SRQiGY7A!GB2hhohvvAjMTi_4nFqzm0FrI7N3tVR3sMQGLScuNz4'),
(67, 67, 'https://mega.nz/#!vZJ2SKDD!2eHxBGJuEiGkyrSHN_cAJGX1C6R5I7NBLdX3HJBhmGU'),
(68, 68, 'https://mega.nz/#!qA1mEKBQ!nmLk4q_Aj2iiRbYZRA3VUKYMymTazeoFPF_KCF2MmTY'),
(69, 69, 'https://mega.nz/#!XRkmFQCa!mOeerrBATuuQzIK_4BLOhCk659CHc8biUFMiRKQ78JI'),
(70, 70, 'https://mega.nz/#!vB1EnSSa!1g-IrHpJzMjidSw0-AJGDbvZ3-60BfJSR0J4dbck9mE'),
(71, 71, 'https://mega.nz/#!Sc8ABK6K!Vq5Ijfnm417mnMiePkT4NnPKW8hgNvwDmWQUwbsPxbM'),
(72, 72, 'https://mega.nz/#!6clCVSRI!_Oh53TIl8wxw06NS2IgRkVlYisL1o8gRdrEFUh7ljcg'),
(73, 73, 'https://mega.nz/#!vJkUgAoT!ydGFc8a3QVvdzvkXscdAvC7FUQPcZX5T3pQXWD9O0CI'),
(74, 74, 'https://mega.nz/#!WBsWgKLb!UglXV-MgVDUkFNX-7Z14C7lUXyTo0XI7SR2RNpVLCTc'),
(75, 75, 'https://mega.nz/#!3MlEUKza!dGYAd9iZ6s9myepa1EQweT92qH4XHEUxWOHzZCPpCP4'),
(76, 76, 'https://mega.nz/#!iQsw2IpY!jNcHvqEID1BrWfD_Sjaed5cDi8_cfe3QWUQrFx7DCzI'),
(77, 77, 'https://mega.nz/#!aR1wUKjJ!8Ti7ec0cPh3YkBdNE_AzUbIdhaDMjKXDBdAds2awstQ'),
(78, 78, 'https://mega.nz/#!LQ9ExaLK!SmT3R6_74Ww9VNSgNahIamDLFZU7FDt32Q_j7D47ais'),
(79, 79, 'https://mega.nz/#!Tdsw1YKY!ZNdVEERUkQVOJbB40JEgTru7dSq5v8zl3rL1qHuIWVQ'),
(80, 80, 'https://mega.nz/#!uV8USYoA!WLQ427UiCkYHbR-b2nDVV1iOmCtn7ErIqrqXkFLEays'),
(81, 81, 'https://mega.nz/#!nI8mgCYL!gEMmWn1aMyh71l0dSz4U1zdPND7fX1AqcLAF42q6Ykg'),
(82, 82, 'https://mega.nz/#!KYkARYqR!7GPt2dUaAljJCIsbuyQwScA6ttFERnXim0UnHdkI88s'),
(83, 83, 'https://mega.nz/#!OM8WTQzA!E9bWMAfdlG0MOXk3DkND0r4INE-SzyjjgXp35oGX-qI'),
(84, 84, 'https://mega.nz/#!LEkkFAiQ!VEp1jGexDHtU83lW7LAo4U-AEAS8MCaR3OVUYMi1BKM'),
(85, 85, 'https://mega.nz/#!DI0SGQIC!zOT2xOHUPIOiVNdNqd7HNs2PO7uKuTaxQ9-1mZJsmCI'),
(86, 86, 'https://mega.nz/#!ud8kVCyT!lty5CUx5Yf4u6FTM0mcy3glMhr1THEnfqZ1b0aF8mtI'),
(87, 87, 'https://mega.nz/#!HUsEhYoT!UHsEdWANpb1JlxDIaYkQgfCmHnvpMLrV31nR-6FgTdQ'),
(88, 88, 'https://mega.nz/#!2A0CjCTZ!7fOrmiQ7OIdG-I6LW_YBbHZCUU6XASAnsyz64kJgi6o'),
(89, 89, 'https://mega.nz/#!SM0wwQ4b!26_Bq7EjwBJ4mzYGMK1A3eKW2VSc3peEjjimpLYRrlw'),
(90, 90, 'https://mega.nz/#!XR9gSYSR!AfEuU-AtDVQy60A2Nq_8avluPpOmc6Sy2nNCkBO8s0Q'),
(91, 91, 'https://mega.nz/#!fdkmQSqS!1D9danFqgRMqzV_e3UWAoxt2bKA-32uPugRrxuZuIZ0'),
(92, 92, 'https://mega.nz/#!WFkSkYpD!JhJO8AKAZ7ktBLJ_M9Wza8IN8DFKzpysrrIGv2fXgOM'),
(93, 93, 'https://mega.nz/#!HFhCDYSY!CLloIBGEdIil5yQnpyf7-UiWT7Qd161Z67D8tMJ9Eh0'),
(94, 94, 'https://mega.nz/#!qJpkBIKL!DA1RNA66BJpMpsBwAnkNHBZr3EFrmUu8SeUmNeZK9PE'),
(95, 95, 'https://mega.nz/#!7BoyBKQb!ftzjQOAt_sYI38b8EMf31O9ddKQ1izNJv48KV8eN1j4'),
(96, 96, 'https://mega.nz/#!zUxUUITB!hC-Jco9om8CSNldiaF79T_4vwh6pLTA9vh3obWWPKC0'),
(97, 97, 'https://mega.nz/#!GVoyyIAT!jXkPEqZq1OBWhtxS2R-y5DkpxJiKz-JzEY39s5y5xcw'),
(98, 98, 'https://mega.nz/#!6QwGSQiR!Y8GpVnnr6baXjm7yanBPfd5oj6JfbtsCxGX4jqIZN38'),
(99, 99, 'https://mega.nz/#!vcpCkIya!KXoTsm_I5dsAyn8tq2dvC84P0nytYwreHgIIjBxPuhY'),
(100, 100, 'https://mega.nz/#!PZgSzapK!v9l1fJVDWVYGsTao-M1C_LKvo_A7DG4b6Fwz-6CC_Gc'),
(101, 101, 'https://mega.nz/#!aZoCiKRB!t4P9fpIfn5k7Q1AHIprW369zXFaUIcDFXPzGAYrjR9A'),
(102, 102, 'https://mega.nz/#!fc4wEKIY!peUNZDizAgz1By_RTWFMtIdgE2XbfooMEym44m_WnQ4'),
(103, 103, 'https://mega.nz/#!6IwAAaKS!oXbQq5WsTtKORj98Ol3v-wIgklNBUzpMquKctz1RFnI'),
(104, 104, 'https://mega.nz/#!qF4mBIrB!M20HdsqCj7athVfYnyEJRJsj-MGLXPnq6w8019xrg9k'),
(105, 105, 'https://mega.nz/#!bB500AoJ!qUp9tOQD8xkrNX_KxXgjKkoTrE38RsvLz3AjB971Ljw'),
(106, 106, 'https://mega.nz/#!WIw0kCJT!wFNNH_S4PYxGteVaOFa8d0Av8OJ_lhGe-M2e-f1JQBw'),
(107, 107, 'https://mega.nz/#!ORkwFIxL!hVRPFokKr7_3qur3htpPdS7UQpfRspoWgxMqSt9tXls'),
(108, 108, 'https://mega.nz/#!qA101AAY!Gov8zM_q1OcPpoHp0cmLbNse1kPBRgBwpd25IrcUbaM'),
(109, 109, 'https://mega.nz/#!TI8yHKgI!5jfj0jcrCV39op3dHwLRG58mPo3uCSGsZ-wsinVY0n0'),
(110, 110, 'https://mega.nz/#!rclylKLa!7DNMQZnKX7bC9teAQ3v9ATOOubWkdDC9QCp5blEbAfc'),
(111, 111, 'https://mega.nz/#!bFlC1KRB!nadM6M_4OkYGQ8A3UlokAddj97ZZYIohc4h1emvpeso'),
(112, 112, 'https://mega.nz/#!WY1mgA4C!d8qNsHvhpfpezdSOykLHvm6aFrQZWnIJS4k7pz-6VuY'),
(113, 113, 'https://mega.nz/#!fEk2HC5Y!zGv0EjS6DDdizCfQ1kzAGOQ24NsQCDEkLjtvrI1UqDo'),
(114, 114, 'https://mega.nz/#!KAtUVKxD!OJDrj_N4f4BfW_c1SVzvzcvU0JGkZkSKxUM2RVtOvO0'),
(115, 115, 'https://mega.nz/#!edxXlRhB!IEX5XHNHxzBq71OPUgCo0ukdGLXjY0fVBjcYrt0Ul14'),
(116, 116, 'https://mega.nz/#!GVxhnLrQ!oaEFq-zIxXGyZaglpPzgBq8zSh76Yo20bi2tir9GoUA'),
(117, 117, 'https://mega.nz/#!TdgHCTjb!ePVcXf9fVtKPOqdPtVb35ovuOPT-4NT0Xt1Dk1ygIWg'),
(118, 118, 'https://mega.nz/#!GEgxWRST!x-nqGmTtoOGAwftjNB6UeEIYJZ-VKTD5I39KIrjLy94'),
(119, 119, 'https://mega.nz/#!3Y4TAZ7Q!Tp_9pOmlemV4-Xy_AO9H1Vx5ZSRbW-s9Pe0I-HSDGPg'),
(120, 120, 'https://mega.nz/#!GcoxmTqI!2ccPReHhIMYcbmdHAP34t1V8xpbOKXZ7oTUZqopZp5Q'),
(121, 121, 'https://mega.nz/#!eExDlJaL!XRnM1oYOiujQAqFD9OobATJSB-cxrt0XP-954IHAtQc'),
(122, 122, 'https://mega.nz/#!XUwnETAK!GqQqsH_TPfgxXtj81AdvmjGmch2Crpng7wIQlo6gDsQ'),
(123, 123, 'https://mega.nz/#!DYwTBZ6D!-0tXAHvBPO-LHZbF6yRvaEV5itCM1ui-6z6iyTLkwsE'),
(124, 124, 'https://mega.nz/#!7VwT2BgR!hqqrQjXx7P8zU0kA-wKz8_NODz0Qes0Hdl7bn8pQgJ4'),
(125, 125, 'https://mega.nz/#!3Qhm3YZL!fG0cbicv6we8ofuHft415OiFJqJKUoCybTvp0UynUcg'),
(126, 126, 'https://mega.nz/#!nE4GmKrD!QuDpY7dI8J_fWjdfvKErKGiTnIFhvEjeUq_pwKy2A5c'),
(127, 127, 'https://mega.nz/#!qNogVKqJ!IPK2WB6q3CVj2TTqHjBHtLXsm2cobuHaM_iL3RbH_TE'),
(128, 128, 'https://mega.nz/#!nBhi3KDJ!vbhZvN354TBX0ilq0EX0CRR3il0Bazo9-EtKPp0hQl4'),
(129, 129, 'https://mega.nz/#!vMhWwAAI!KEge2coYSveQNWmsLsayHc8W6CXZ8ynM0n4By3uRMK8'),
(130, 130, 'https://mega.nz/#!CZhUwQ6a!LgTLwoWhJ5ZYtGwbvxCHtQ6zIqgPh9hV2xpJvRiT_Lw'),
(131, 131, 'https://mega.nz/#!KEgCHAqZ!F849FVUqOlv9qkycusWbbRjo2RwSHgmDOnRAE3RnMI8'),
(132, 132, 'https://mega.nz/#!nNxwUC7b!hT-O4MLVUKEGgyNcdOadGVz1o1GaQmWfhekTv2DnB7U'),
(133, 133, 'https://mega.nz/#!GFh0QYzL!E9cPKvrV0yYdcXSv3xXautvXRS7hcqsMpkU1tyCodQs'),
(134, 134, 'https://mega.nz/#!rMggWKLQ!u5gHbdzGDGaj43gKDvZivtOUnagQWD-TiavRY8Y_ess'),
(135, 135, 'https://mega.nz/#!Gc5gGaQR!gkevuKdljCwvLPh8XGp32oFy8aptB8VCMNwryWzWFfU'),
(136, 136, 'https://mega.nz/#!LQ5AmIhQ!xYWrYhGDDVslwj3SY0aONBbaudfErGblr_kESQdhxBw'),
(137, 137, 'https://mega.nz/#!CQxQEIYB!R4eHm6Yz0HGSM2yWY1x3TEbM0w8zv108yKvWml23JaU'),
(138, 138, 'https://mega.nz/#!PI4m2YAB!HAqYCb4y92Hwf9uXbsyCmSCTPkB4yzZpZFKe30poYNw'),
(139, 139, 'https://mega.nz/#!PQ4wmC4C!7oZLw6Ptp30jTfM96h1bAc3iygzzV8_muHup1zcLVEc'),
(140, 140, 'https://mega.nz/#!rVg21SCa!ihUs5yyfJRYvqkPYP6SoZULDJ-kbtsRcwmh85mPDahA'),
(141, 141, 'https://mega.nz/#!WYgCHSjC!abFsXxZF7H85Mnz5ADdq-Mmk0DFayHvzCET9T13FkRc'),
(142, 142, 'https://mega.nz/#!7Q5H0BJR!Dv852nq8akKl_Ve3FuRfdYcDFTV99RqiPVCEpLnEeR0'),
(143, 143, 'https://mega.nz/#!DIwR0BxL!EWsH552H1ItGkckLzZdHTTW_5eRlunmvzLxjGL9qNZQ'),
(144, 144, 'https://mega.nz/#!SA5VgJyQ!pReU5tcyCQpKi2Fm1dM-Lg3Rc_nPuRw0Xh6YheKPh7Y'),
(145, 145, 'https://mega.nz/#!jAgnXZRb!sps2_4GJsECEejjXP5UBS8YDT3Lw52z7oDVkWLvh4uY'),
(146, 146, 'https://mega.nz/#!6ZxnyLzA!acTPOXAz3t6IiNwTp7eynQKI7keSB82IbmAT5NzeDeU'),
(147, 147, 'https://mega.nz/#!zRhDkLQa!adQbN8sOOqYeVpLvzcN8CX7ivoJrDbjhN88lDWJC5nQ'),
(148, 148, 'https://mega.nz/#!CdgFDbIJ!o4uOh9nuhg5xW2moVXIum_PsmEtInVBPSvLXdHCWd2g'),
(149, 149, 'https://mega.nz/#!ycohlbKa!qBq-tTnRb76F9Iv6dvKSlL-Fk-g0j5iSIE9MkWRCtOs'),
(150, 150, 'https://mega.nz/#!Od4zGJIQ!Kl2sqBkr6TdZI86F0JUd6Em53XZ_pe5HcpEfOroTf2o'),
(151, 151, 'https://mega.nz/#!rdpnQTAK!LIKJ8POIQ_KtpMp-jWZFIHpekjenXHEJT_4zGMWOcn8'),
(152, 152, 'https://mega.nz/#!jQhFQBxR!R98tOOINByAR_byfonI3ESAQKYNwA2jQeTCkisjuw7w'),
(153, 153, 'https://mega.nz/#!OdgFWTYT!G4I16own4Fw5QAHU9PtUERGpSbKNdOt05ucSh_7_Xpw'),
(154, 154, 'https://mega.nz/#!rYpVQJLQ!PHuWy9nGv6rF_nmaMWc5JpyoQpFBetsLjnZSEiKsSeo'),
(155, 155, 'https://mega.nz/#!LUhF1ZBK!FXdPuCr4CTWE5vquJ1WEqDw71M66HQW64YDobUP6UGY'),
(156, 156, 'https://mega.nz/#!yFgXVZqb!EecaNzBLfKDVhmSEqN21JmYJ6OBqDJMw9IzAYLLhvls'),
(157, 157, 'https://mega.nz/#!mBhl3JJR!QWE9qfEl6UvUKwh_XgXXaRO6_qQzfa9Iy6NDkJmhZl4'),
(158, 158, 'https://mega.nz/#!DIgTDbhQ!GUFOvy6TAtR-Fb85gUhwuRFJ50V05dC79b3yMCt69-s'),
(159, 159, 'https://mega.nz/#!rQoRjT7J!Blb-E1OMFxf9zdWwp9PREqsZ-2BsQaCvHTSHRuXAy_4'),
(160, 160, 'https://mega.nz/#!eJx3mDxS!ITVSZcPESmAVql-QdOF5s8mZg2m6J3D7XhM0AV7AbtY'),
(161, 161, 'https://mega.nz/#!GIgBiDhL!E-1gf4Xwfb3GzBbUTml_iAzcft0P4KjN5DRKwZZJ9zE'),
(162, 162, 'https://mega.nz/#!SQwHgZbI!H5ZvDg0FODA_rgr_o4qNWz4GkaThRo1Xc4PnF2xasNs'),
(163, 163, 'https://mega.nz/#!Cc5zFLKA!7tREmsKEUQa94USbx1dsnkG7kpmnmkHW3IIkjzDHxYM'),
(164, 164, 'https://mega.nz/#!PNhHmTza!CPHBBkwA_mvFlZncAU-OSSDsjNHK6t4nDfSojOWoddQ'),
(165, 165, 'https://mega.nz/#!rRwXCJAC!l26R5yjimQm9JJWqIw8OM7NVe8B0ecrtrdiodK8NGP0'),
(166, 166, 'https://mega.nz/#!uVxRgJTa!p0emGNEqU8Yfy7iyArTcy9JepejxIhxL3_jTq7nM5Zw'),
(167, 167, 'https://mega.nz/#!XAgTgbYb!7y1OHOUqZYe5YDj5h08U5Y3MUYFWpHy-F9N1ge4RWyo'),
(168, 168, 'https://mega.nz/#!aYwxmB5J!8CpxuDL_Pu2NOxS8aeyfYxdXYU0e01rnNch1cYqGMYw'),
(169, 169, 'https://mega.nz/#!CAx1zJwI!WeG7MJZCwUEob-xf_ozdTID2qBIPZXfxATpTNzX8PZM'),
(170, 170, 'https://mega.nz/#!6F4VHJiZ!sPRXMhbM_3skDTt76CDVSOQX5UkVL87f5DXJ_gpkchI'),
(171, 171, 'https://mega.nz/#!bNgFFBgT!U6qofkwg_x7n-4qGvJvhENoAfa_HfWTsVT9CX_00Kxs'),
(172, 172, 'https://mega.nz/#!OE41DRRL!7JR7XEUX01UB7fbqB6PjyBTEW-J8XkMUMWF-aUDCSRs'),
(173, 173, 'https://mega.nz/#!XJpVzLSb!o9CCa59xfDvbPzK_ewQkWhV5pMe_YvQQCHIvAlno5FU'),
(174, 174, 'https://mega.nz/#!CEoV1boR!WwRI_sCEKQvABsZa5ugdhaPGXWdgLiX0Wk35Af2Obt8'),
(175, 175, 'https://mega.nz/#!fUh3URgY!GkKD7wSE0bPrKqtVfKseRGf3Lxf9KP4sSrd_cIhvhAU'),
(176, 176, 'https://mega.nz/#!GQ4jQBJR!N7i9EbJERzyTGpx5fB13MXuZYD1iXpVipAhFEomVJyo'),
(177, 177, 'https://mega.nz/#!6IgxFLRA!nkXCM1E1mYhkeQlNkgP-PUmDQs5HWb5zFbavQNbkMe4'),
(178, 178, 'https://mega.nz/#!yApj1LzY!1EoHzc_EXp2TBLm_u41A0_iG00QbT_Um9Bbg5gOR3Kk'),
(179, 179, 'https://mega.nz/#!eA4FXJpT!jT2URb71aKhQAAY0c3IfooU8mq88e7sIz2gkgsG4Lb4'),
(180, 180, 'https://mega.nz/#!vNwlBb7A!OsE6WJIpWIY_G--WY8nkz0zLVBl6ZUXQij8keVnIcr4'),
(181, 181, 'https://mega.nz/#!bRYiXC6T!jBOScQgmb374ChCVKOJ6XztPVJBBOvZtk-ropY2wKEo'),
(182, 182, 'https://mega.nz/#!vMZ0xIiR!4pU6__4wOpJeejHmwaqrHkw0DMqsS5AsISkOBAbSPxA'),
(183, 183, 'https://mega.nz/#!XAIiGKjZ!q03-4ZarKb307s6BCEpa28gbvsd2LqVrsbJMeUKs4lM'),
(184, 184, 'https://mega.nz/#!WVZWWQxD!eXrqlO6RyAKlEaK_v2xxl8W3Nhf9bgkOIwN1wfBwK6E'),
(185, 185, 'https://mega.nz/#!nBYmSQyR!v6UFUNaYU7xVFHn4ryepFLVQCs8A_eIRNXt8bCKWW7s'),
(186, 186, 'https://mega.nz/#!rUYUQA5b!r22dHMnnkfM74ktzZ079a7m8geQNNYJHiOVfDWuq6fo'),
(187, 187, 'https://mega.nz/#!2NQQSC4a!tPLTQbNVNzVXGfMhsEeN8-3Woy6qd6OY2F9qhguzsj8'),
(188, 188, 'https://mega.nz/#!XARCyQCC!V0NKx4qQ3FdLWr_iKwOpsmw2p-5n6YRX9iu4nIRIgD0'),
(189, 189, 'https://mega.nz/#!SJBQEYCJ!toqvPaDHJ98H5jMmje-ocV-d0EGLmZZyn4JFBcKK12Q'),
(190, 190, 'https://mega.nz/#!7Y4kSaAb!rjAHMg3xgrAnghIIDvrs0QlpJ2BV7EY2feUcYkt-KL8'),
(191, 191, 'https://mega.nz/#!Dd4AxQRY!pMe-QpFceQvzdNmZ1UWhtz9frMfZoKVB81sNVEqRQB4'),
(192, 192, 'https://mega.nz/#!LchQCA5Z!XX5hgtPKCSpfqfDRf-fiHpWJU85OUiywI6II1Je0XN8'),
(193, 193, 'https://mega.nz/#!Oc503AgJ!xNJG2KDVBNx5F0twWypeY2wN9epxaQXu7FeDkz7Ric4'),
(194, 194, 'https://mega.nz/#!OAhyBQjY!PhuJjg8nW1JkjiY7nEaorGiTF740UCg5dNgbrQfTfA8'),
(195, 195, 'https://mega.nz/#!WJoSSaIT!oOBhCQ6oAVRCi-yuYndPM_1O_GBYjUmUFyCfwmiIhhQ'),
(196, 196, 'https://mega.nz/#!LIhWlKwb!RiYXYPNqlwXKFc_ZJt27xShmt9HOL3TOgf7mIVaVrEg'),
(197, 197, 'https://mega.nz/#!CUxiAaCS!aNlUFVl3Bo97YJqmWOU0TfQIj3zvY-pNQG3QNxpPz9U'),
(198, 198, 'https://mega.nz/#!7V5SzSID!0J7LfJKwTg3OKbpfma8SlimaU8Sy_P3_Ilx8xdWz-rY'),
(199, 199, 'https://mega.nz/#!OQ4mkQ6Z!ZPhqz1m7WZM7Bm907vL-z-KZgG0MfyTu7WrWl5fNU58'),
(200, 200, 'https://mega.nz/#!WVgkCSaC!80_4XRTxKtJBDWE6pa9xUAOyDcxfuJnZchFTeEQZiE0'),
(201, 201, 'https://mega.nz/#!LFgzEJJb!btKeP-1ZxJoSD3mx0hP2m6-NfdC5PwpuSJqTLiIxoxo'),
(202, 202, 'https://mega.nz/#!PAgzURRZ!Kn-mjEjPxqC1K95KjbzCewILFmmv5vg8ENua9p8TCtk'),
(203, 203, 'https://mega.nz/#!ndxTmTzT!v5Eaxf-hl8Kov_Cx0Y1IB_vV9h30X82Mdgfr9EEfcuI'),
(204, 204, 'https://mega.nz/#!qVp3BJTb!YjXh0HqJT6TiEQ3a6UR6kixChI8mq3o5Q6qTonfAZOk'),
(205, 205, 'https://mega.nz/#!TUwTXBiZ!S4FaP8OBB8KsopOjtbGS2WAZjysAABXE4nP6hRWuX38'),
(206, 206, 'https://mega.nz/#!GUgHnTKT!4HLer9Z3-muWMXNuPpGkkAFoIudlIKQ58rn3qv1M3NY'),
(207, 207, 'https://mega.nz/#!ecoxARrA!IGy0FGJZCMe2XT5t09H_R0uS8rkW0LZhDau2sYfO_bg'),
(208, 208, 'https://mega.nz/#!fRx3wZrZ!fdicsSpRF41UJFrTG-vO1Qlg6Q69NA6FidC9TiELL-g'),
(209, 209, 'https://mega.nz/#!HBpnlbAQ!79uzlc9B2ltzeoFgBxjBZWoWeJBH1fL29rMVgwnRqBY'),
(210, 210, 'https://mega.nz/#!eJ4WxKBT!94jxpYOKqzGyqx-3uuRFx1h1PjP_Yz0nnL0v2GGAIhA'),
(211, 211, 'https://mega.nz/#!jBwGGS7a!9BJGlKtvgv-lKmsRHuz3IUjRQdf42T_ocl0QtbMUx4g'),
(212, 212, 'https://mega.nz/#!uc4Q3a4C!iz6wTpf_CfdqBcettYBJpeit3rDZoMJ7v6EOwbzPEZ4'),
(213, 213, 'https://mega.nz/#!LEhS0ICZ!DH60JZ__tcGHJNsfWc1Cu7VwUyXU10e6ckN8fi_Kl24'),
(214, 214, 'https://mega.nz/#!CFhWhaaY!NLJKxtao1Z8bw9z4b3MI6ywvXueHZ2p-Ubj9Jf9uMxI'),
(215, 215, 'https://mega.nz/#!HFwSlIYA!EHgZGrP_lhpcW7vo8QSTqhBlz8qprAmCfb6u4YBfmmk'),
(216, 216, 'https://mega.nz/#!uYoQTCqC!68DxuteinnkUc7uWeQ1GXvfVLNQQb6EtW5pjaAZrPGg'),
(217, 217, 'https://mega.nz/#!DIpEQSAA!rWgEczqCRth6zwneiqs8I2a8ojHRUcA8LexINGBmGzg'),
(218, 218, 'https://mega.nz/#!SdpQFAZT!mIYIrayF2mdDTYcy3108-_95-tkjbqXUNSpyX0RR90w'),
(219, 219, 'https://mega.nz/#!mM4AASqA!oOp9C-YOsGgtUBZ_3W27KUPHKqBhuqnpIsm9c4Ufr-0'),
(220, 220, 'https://mega.nz/#!LZgQDSzb!-jLBPCo35cgf8YSBVNBZkhQ96KUuXSwrsV2uQY6M6a8'),
(221, 221, 'https://mega.nz/#!yMo21aoC!fy9FVQjhdMohEJbKXbBUSGz1_H8uD-WExGOet7DQoKY'),
(222, 222, 'https://mega.nz/#!OBwAGILa!-ioRIJVEUreTw8L7vo1moMzNR_3hzsAyZNnBA4HNCiE'),
(223, 223, 'https://mega.nz/#!vVxyESzC!XwWn3pjXRbpmNMEBiR7CgzeRnQWAn4oRQF1Rt6Rmc7E'),
(224, 224, 'https://mega.nz/#!yZhggYgA!UljE8f8xUWlK941rARuWZEn4edUBytTI4Y0pnD9s4wg'),
(225, 225, 'https://mega.nz/#!2dpSXaAQ!KQrxHEZ3AQlPpdU--gap9iyvdF2ON9mOIhuJ3JxKYHE'),
(226, 226, 'https://mega.nz/#!2YwCxAjK!VJzsYFajLT2J0NfgIOIu3Amx70VsywnHxMfOlgGqah0'),
(227, 227, 'https://mega.nz/#!jVxEEQAK!XggzDU28pwtXwpha4MNvWwnv4LKqx4YtuT0aK8Oxe-k'),
(228, 229, 'https://mega.nz/#!qc5yWCJY!q8gydZjKCVxt4ZqtgSDbd4gNgbeGIBPzgtFirAndKaQ'),
(229, 230, 'https://mega.nz/#!aVwSjYSI!SDM7_Q0RvaE_Hs8eTn7z_IfJhrAR5618oYAb0TuQpQI'),
(230, 231, 'https://mega.nz/#!6QwmGQrB!IaUVqi0y3WaVa4m7EHth_UlKEsz-_qf1nCsboMaUmvU'),
(231, 232, 'https://mega.nz/#!6E5WUCaK!93QTiQ0Wc2MWM1YcQx9r6I2o7boAp0R3QT8LCh_Ay7k'),
(232, 233, 'https://mega.nz/#!bdpiEQAT!XwCXtoTkUC5jB2Ge-jeIs-f-_pTj6-IActaEW1ys-vU'),
(233, 234, 'https://mega.nz/#!TBpmGQ6C!3WIld88evnIyGgPusRlw4QtDY0lYgxNr93n_ENj3t1U'),
(234, 228, 'https://mega.nz/#!rRhkXIpQ!5TFkJ3KN4k5I-5sf0NgoU-4vZ725cVHyN15v5Tk319s'),
(235, 235, 'https://mega.nz/#!SEhUlawI!XNZ7zYJmXadNjvPwoGV_T-Onoiu2-k76jAlRcmqCpp0'),
(236, 236, 'https://mega.nz/#!jMpmCI5K!gjLg9iI4mG9_OVkWdzFziGb3govldHDU8Oho-Jo7guo'),
(237, 237, 'https://mega.nz/#!PBpE1QDL!2bM2fJWCo7EeCZVDi39XFHi0Coxpbr0JNf6L7YWTaV8'),
(238, 238, 'https://mega.nz/#!jQwEBQrT!JeTo-8wDk6flVhT_4TN-AC8h2biIqSVXtWMRtFJ0mRc'),
(239, 239, 'https://mega.nz/#!TM4gBQAS!G__kHG4FyQdJLwUIG1t7eYLdIL62ZyYiKeysaV8bQcw'),
(241, 240, 'https://mega.nz/#!6Roi3KTb!-tyrb1RDSTG1m6j3aDOuunRcSA_Fv92zXEJCOi5C-Sw'),
(242, 241, 'https://mega.nz/#!jMxGzKYS!-zJ2XXsBSqJ6yrQshnGLTA7cSFpP5OIF7r8wTj00770'),
(243, 242, 'https://mega.nz/#!rYwW2ATZ!Oq7qDfjDL0mOEuMCKsunl0YDPsdr27RVkIAeEusDrg8'),
(244, 243, 'https://mega.nz/#!OAhQEQBZ!xA_UK8Oivz47zanPPXocWAydaA_W7bLbYBz2OhXE7wY'),
(245, 244, 'https://mega.nz/#!PY4ynCTZ!fpYaEBo3sli2SbAQsSxi_Cpd7veD7LZigyasMJ_7d-U'),
(246, 245, 'https://mega.nz/#!mEoAAaaB!UYgekiVFhUWWM-uQFrRCn6ofrIRX4gWnVEqZCYGRxdo'),
(247, 246, 'https://mega.nz/#!vFwkECDI!o3WMDqI7511oSWyrsL7totNNPH0k3bxNDFYFwBwWw1I'),
(248, 247, 'https://mega.nz/#!DI4ygAQJ!HBXUbbkPkXABP1dgIM0qgCo7Xx2fHUDIyX6ytnqOSx4'),
(249, 248, 'https://mega.nz/#!Lc4AQawB!61jMWrPby1yT8Zb3ROpthKUZxjTlFdzXnviBbNeCWrA'),
(250, 249, 'https://mega.nz/#!PRpiUaKQ!TNwBZSLLpHA0T72rc7oYUbNWTTc9Q0RX1JLAa67mlAM'),
(251, 250, 'https://mega.nz/#!LNgCVYjQ!vOcig83wG7zD7YeeLEvGE6yy_sA3oJlP5ECbNSXI6DY'),
(252, 251, 'https://mega.nz/#!2RwC2SaR!4N_FYOb_P9BLsiNvuKq8a-iz8RsMTXsyeTiCFXmVVgw'),
(253, 252, 'https://mega.nz/#!vB5w0CQD!Cb0L7O5Les89eMuSh1DGcIAn5oeLpyxhcK0lqtHr-dA'),
(254, 253, 'https://mega.nz/#!nAwmxCJZ!cYm3uTTObhYTUCb4cdbzvh0raZjVqz3uKWnlDpKqDaw'),
(255, 254, 'https://mega.nz/#!Sc5CUAZC!rZNW-mo40yGdzOVJrTuu8ghqkQy3Dmh93UPNOnqogOg'),
(256, 255, 'https://mega.nz/#!eB5iwITL!Mv3-2NOu3RsEfC7gOLzKBKUtNMXjKe-yPuV8fAFenZA'),
(257, 256, 'https://mega.nz/#!vcx0BKha!gq_QAD1X969t-KxuhzIKHjEJD5YvewKUmgq4jBAi1gY'),
(258, 257, 'https://mega.nz/#!nYw2GQoI!0sY4DpdzMkEKCiNUBZNs1O484CJ9BI5Mvb-LzNQ1Tu4'),
(259, 258, 'https://mega.nz/#!vF5QAIIC!Py0xNLP2m976oEkXD02n04fcEopjl9a6nYaoeFPowL4'),
(260, 259, 'https://mega.nz/#!HdxwDaBZ!jW-DZCEeD3wq0GXqd6_OP3qqUbsQMmmm0rFJnVDTMv0'),
(261, 260, 'https://mega.nz/#!XEgQ2aiD!fFQA6-7ekIgqnDxgeI0zWbYt1BStoIjd8T0cRI-uBFA'),
(262, 261, 'https://mega.nz/#!TQ4iASTQ!V7Ocrt3emUZFpQgUjDUjKGV0puCisjvt-3Ks1NVnWxQ'),
(263, 262, 'https://mega.nz/#!CBo2ACjQ!KU5YTzXWFZTTOiiUjDv0WY0lhamRVAvt7CFdGafgAiE'),
(264, 263, 'https://mega.nz/#!vIpAgAJZ!WxaNXm7BhnMPjFZaUG1BpJ0VtYcu1hY9TRhFMfTkYEQ'),
(265, 264, 'https://mega.nz/#!aZhAlCDL!f8gHgRPjrkruivIRWApnJq_88avFaaI4GNTWxt32Ql4'),
(266, 265, 'https://mega.nz/#!XJgWkSAY!gYMlh6r5PwArmynWshwIcxTJ5eb3hBK3uDX2t9Dd1qY'),
(267, 266, 'https://mega.nz/#!2JoCkIIB!tBTKcuHiqFVtluFK7Q4ojJJRKe5KWs-xeyRZDK8rECo'),
(268, 267, 'https://mega.nz/#!TBp0hICC!LcP_haSQZP8k4334O-mBWljH2aYbWDLtYdxHN7P0AcI'),
(269, 268, 'https://mega.nz/#!rRgGhKQT!taUbFQRGDub755lSbkyPBnFIQEf6T32kX3wWMQE8fe4'),
(270, 269, 'https://mega.nz/#!7NxEFAzK!ndbdGV4uGh04FeC5BR0QLpqP2mhtHcKIGQ-2AhBB_Bk'),
(271, 270, 'https://mega.nz/#!eUgWWKhB!y_kX77L8qIBKqlzsnx3g35PkTWvtfgMDCgiBhvhLcZs'),
(272, 271, 'https://mega.nz/#!7VpUUayQ!3-RoaVCJDjOQm8lfc0B1CWPuyzFG5dKLoKx6iW07xKY'),
(273, 272, 'https://mega.nz/#!eRxQxQqY!kKpzavkZMoQHqViKO6Phf6qThZs6v_ReRTK6Tc_ZuW8'),
(274, 273, 'https://mega.nz/#!mYoCAaKD!RPzf7ipQXi_sbeifSsMUg3xrQdMfF1ovCmf1PuPGOEM'),
(275, 274, 'https://mega.nz/#!eF4EUCiJ!r7ShhzJvfGde4kVj2sAKjrxbgrK4vT9xmnwUfeFs3Ws'),
(276, 275, 'https://mega.nz/#!CQhAVCzQ!3PO_gHWHOn2aG2c0xh9-2VUPFaMfRvc1vy18iRT2_Zo'),
(277, 276, 'https://mega.nz/#!7UgySSiA!Gl8cCNrj0Ddz-Y-rMqAvDd5Sv3h-orMIa92BEpFIvwY'),
(278, 277, 'https://mega.nz/#!iFpUnAyI!N05h40bjozkAS5WAF1zJYwqVuBezQSdF0AzQpc6GmqI'),
(279, 278, 'https://mega.nz/#!OZ4k1QLJ!R2j_fexVz8VRvTlYmpP6RVvPnYY66uPluXnsYvzUL7Y'),
(280, 279, 'https://mega.nz/#!HF5QBKwB!Tivv9_iI4VwjnvuxmTvGou50XeVOch-okH33QZpW23Q'),
(281, 280, 'https://mega.nz/#!qQ4SRKLa!IVUrdZkNiCQ_C9kAzB8gIDWt_s8_UTDjJ0jIzPgrDBc'),
(282, 281, 'https://mega.nz/#!vQ5yUCJY!WeEWV5YDFQ8-tIbV77F-2-i8WA_maWhMoUdHFfCb6ow'),
(283, 282, 'https://mega.nz/#!CBhAWSbB!bUj1RMDu4h0n6ZXWqgLW8_bHVWjX36pdIUk_ImA_zdg'),
(284, 283, 'https://mega.nz/#!7doQkApL!RJN790hu31eNSZZPswgTm0YIovuzyJSg-PfLWYCDcKc'),
(285, 284, 'https://mega.nz/#!6dQ2jSDY!UBKRzIoeHY25T6uLO1LoLzoxOgYZT7iR-a0cfO2rg54'),
(286, 285, 'https://mega.nz/#!PQ4lQJSI!yj3Qt1jAHnWg_i4ETY-CJXdgALeH3epp808ESD91BA0'),
(288, 287, 'https://mega.nz/file/C89x1b5T#JYXFeAd5mDGjrtjoMYBBZaI0R1yb_fO9i9BiaBqWqyA'),
(289, 295, 'https://mega.nz/file/ixt2BAzB#Da6HlfFlcqZWkZru15MSaCCGnTGcN4Adm49WuXUKtU4'),
(290, 296, 'https://mega.nz/file/j08wkagb#T4LCtjAXNClOTFbBoxHLGiJslA9GPTYziHNiRK9R1Sw'),
(291, 297, 'https://mega.nz/file/rg0iXYBb#SHfUtEKHPqKP8HZ-iS6npvDmIPFLBpqa5yjrs7_ZcoU'),
(292, 298, 'https://mega.nz/file/n10WHKBZ#06-5d7We-tyG9qhrQ1oJS5dMoHzthcq4RB3ZDDxwRLI'),
(293, 299, 'https://mega.nz/file/u4swGYZK#5AcnNv9jUQnrE2pT2WKash_kSGgZt42tX-39Vk9a4BA'),
(294, 300, 'https://mega.nz/file/jptmXKSA#0RqBuz63u_mwLDy61L3nH68MxubP-KncwUUGDhIx5K4'),
(295, 301, 'https://mega.nz/file/ul1ESSqQ#E3UqcTIgbdERzMWg4Abxa0LIFTxOg8ntyuaA94YOUwg'),
(296, 302, 'https://mega.nz/file/j01iSAjC#AL4SXfPQIR8k2K9DxGXKFP2ytsl-iXY2-bphdlmO4YM'),
(297, 303, 'https://mega.nz/file/y49yDSJJ#JadBezGpYI0W-t2wSLsDM0iPygib69m6KJ0WqqcrSrs'),
(298, 304, 'https://mega.nz/file/qltCwSgK#VMN0QOo7ejJI2JJp1FA-wp34qD65GXz4_uoM8lzna4c'),
(299, 305, 'https://mega.nz/file/T4sUAA7Q#-WI6k8TNElKe2LC5RawL43oarax4_wKLyX_00cJTrAg'),
(300, 306, 'https://mega.nz/file/fp0gHCTT#_daOZvxolayywWIxM_xVoF_XsvBvBx9n0MdyyCX7qTs'),
(301, 307, 'https://mega.nz/file/20tAmaoK#mElP2b_79dhpxFNpnnOPVOwtIQi6ey4KBJ0lb1iPXF4'),
(302, 308, 'https://mega.nz/file/C80iGAqI#Rv8-M9rKImuQe1L1NNEp_NbawBiud9Fdt29w5iL9VtA'),
(303, 309, 'https://mega.nz/file/ewlGhYSD#jx7Em0xEylrkN34bpPJ_UiWrquN3fplo4jPWnDQZ9Vc'),
(304, 310, 'https://mega.nz/file/v11kFIDS#7pz23Q_5lBD52k7pkkRZWOsuM2Nii64s3Cgpqwb9Yns'),
(305, 311, 'https://mega.nz/file/Lk8A3aoL#94gYtV1gajsq73BnKs8GWOkcaP30MqpIgoKPIyuKpvM'),
(306, 312, 'https://mega.nz/file/ig9AmQwR#Kqe1aYtcIbXdedDpEY-BwI8Bkhq7nfp8BkwwGUPc0H0'),
(307, 313, 'https://mega.nz/file/LosElCqT#SgisInvBHsjLxDTpNdboG4hA50PF0XlhXxsnTRzclDc'),
(308, 314, 'https://mega.nz/file/u19y0KxR#7evfLx5xTdLeZXw3nXpfMCgQTANwq4kOD6iNi4pyteo'),
(309, 315, 'https://mega.nz/file/Ssk0yALT#h1ASIVGe7ikMg7tfWaiaWQ_4uNKa5NCDRSORm5T3P4E'),
(310, 316, 'https://mega.nz/file/XhlQCK4T#unvWlDQF6wBGNpHrT6Aymv7P-zkfqoXmHYt5rZ9AO7I'),
(311, 317, 'https://mega.nz/file/Lp9yka6S#CieObxvhYWP4GZbxjoV6u9GeUqm0dkh7V596aHcam84'),
(312, 318, 'https://mega.nz/file/6p1gkY5S#4DbGbkp7Ri06Nsd7GBjCI2GIPxnRqrBywjHZlZBk1ls'),
(313, 319, 'https://mega.nz/file/fg82VKxb#RYhhUnk1QDSNEx-tLE4ABudoxnooPG0ciGs37mme1-U'),
(314, 320, 'https://mega.nz/file/P4tQmaBJ#t3r6-BwQ2OXPf2ummTEm54pS79XgqHsLGS2JKDL0Sd0'),
(315, 321, 'https://mega.nz/file/XhtSgAwa#3vVDL63QKJA36XpnWjhRAYayn4WJvMX3NPW4i-k1ov8'),
(316, 322, 'https://mega.nz/file/jh10ESpb#qJNbkSXOS8XLSROZYcgiHxkG7nDcQvGJ627soCXwj1k'),
(317, 323, 'https://mega.nz/file/7tk2yCLZ#57_7kS3K953FqCmS0U7hphiDEzVPpMTMOWqRpISV1nE'),
(318, 324, 'https://mega.nz/file/2p1WAIiL#UGgce7t-E8-355cI4HRHjWaxQCloUQl_k3fX3H5Cf1E'),
(319, 325, 'https://mega.nz/file/f51UhACb#GJOS131V1FlpqWfrucsWJifV3F59IMBitlyfyPwxDLU'),
(320, 326, 'https://mega.nz/file/rg0EhIgJ#2i1WUqq-ssHqizq6w-oWvAsJosnz3SQz11oxXcsjHE4'),
(321, 327, 'https://mega.nz/file/jglWDCxY#NkUiRtCT-o_SXfbub_BGBBFyRBQ7EMPkL31EO4LDSOI'),
(322, 328, 'https://mega.nz/file/P5kmyaID#dDeoZKp_w8pzzYKW04K_eRsWKUoRyaU1li3toGy0K1k'),
(323, 329, 'https://mega.nz/file/Xl1GWIRb#0TzYANSXIvu6xZBj1mZn-myQQwHqXyq4CMevoltfKI0'),
(324, 330, 'https://mega.nz/file/St00HahL#A2A5HgDkEvMsKIcmPJyE59-dF23L22JH-IWg6107PGw'),
(325, 331, 'https://mega.nz/file/CgtWTKAQ#0pbBt3A_z2mqALsP5kwpBCeLbYfGkiorZzwnVSO9sTE'),
(326, 332, 'https://mega.nz/file/L11GkIiK#WNqtXEqd4nlf_bFI6IEt9n9MbJ89nd--kPcJ7vvdd3E'),
(327, 333, 'https://mega.nz/file/yg9G0ShB#YfU8dkopSgUvHZtYTw8oXFfr1PhXgqWvLnZGPVYi87g'),
(328, 334, 'https://mega.nz/file/HgkiUKbC#tGKt9T_4aOsBqJnw60oViYQskj-DHNGiSBvrbjvzhqQ'),
(329, 335, 'https://mega.nz/file/nltQSCQA#BNrOSUFhy2Z-5QoJQoz1nDMf4EqHLUXutLSbDGP0mcI'),
(330, 336, 'https://mega.nz/file/nltQSCQA#BNrOSUFhy2Z-5QoJQoz1nDMf4EqHLUXutLSbDGP0mcI'),
(344, 350, 'https://mega.nz/file/volTlbKa#XGj-FueKqVLrG6jLYY-yquLRwOEnpv0FQafCjpPaBqY'),
(345, 351, 'https://mega.nz/file/no8BwJaJ#IThScotPah6o3Tu5dnKiMBR3ila5Kc08JxOsc4OE4E8'),
(346, 352, 'https://mega.nz/file/7t8HCDbK#Vn1JBKyfPxmD4q6LNP0DqkmW-nS79m25VBmFmV8qbX4'),
(347, 353, 'https://mega.nz/file/j58HQRQY#OSlU551RTpAdi2dZdRcyzd6kL4fCU9I5r9aVovVIHqc'),
(348, 354, 'https://mega.nz/file/ap1HEDpT#SaS7xGsQigNMJn3IWQ3OxP26zM2XRxhMODlHiVU4qE4'),
(349, 355, 'https://mega.nz/file/D1lDlRgb#BXp7Zii1uqOdndkWd6EkNeZiWzQrPyU5nY5C2on3DLw'),
(350, 356, 'https://mega.nz/file/m09X1DhR#7HGKSZnoTkQVU2OKzBPCva_RvF-yR6vlU4dG8KiMEd0'),
(351, 357, 'https://mega.nz/file/uht1mbjB#DFRQQI2EJ86uDB13rdULyx9E4cy6JFH2luJtrLUM7oA'),
(352, 358, 'https://mega.nz/file/fk8DhDoT#moBMYsZP2Rcad-z_ShowXrevyUKVTE8QOwOaIy-49L0'),
(353, 359, 'https://mega.nz/file/yssxCBhB#sVqcqo-PFBaZhWpf24xWMV1kRpikSOtGEFfY4LzSrrk'),
(354, 360, 'https://mega.nz/file/v9l3Xb5b#_8q2HixwxzHbZqO7NTXANki_QNz7vQg5849-jzSoLxg'),
(355, 361, 'https://mega.nz/file/yll1yRja#rMqHXj9lsr9jShO38hSESTrWG0Pz4L7ZfzHg7fwqwP8'),
(356, 362, 'https://mega.nz/file/bl8RCDaS#3PhVJcMVUQfFR3zCzx5o_Vf-Pohwwwp1S1S7qlnioLU'),
(358, 364, 'https://mega.nz/file/bl8RCDaS#3PhVJcMVUQfFR3zCzx5o_Vf-Pohwwwp1S1S7qlnioLU'),
(359, 365, 'https://mega.nz/file/Dxsj3bwA#swvKSECgvCx2MCVq071OQIqHS5PVoDiE4JBPo9oSnOE'),
(360, 366, 'https://mega.nz/file/C0lxXLIZ#0Kr25Ih1L_Zra90RE0BsrJiTNqO2QTHkzlx2fCRtY6A'),
(361, 367, 'https://mega.nz/file/zk8DHJKa#QgHczSIDZLkkStohUMNEAQAd_A0GQS_2yFUHGmIxi7Q'),
(362, 368, 'https://mega.nz/file/at8HwB6I#UVlQ_l3uaPm4syljcIUJ18aEBVZyhf6yIz0SBSBdcB8'),
(363, 369, 'https://mega.nz/file/m9lDBB5A#oA4tGBnhlw1nyjctTbeCdGaa2rW67w2_b2y7e_q3eUQ'),
(364, 370, 'https://mega.nz/file/3okFyDYB#3BMRz11JPPPOLjRIUu-0NzJ49p7TUPgMfHZrlDKwaXc'),
(365, 371, 'https://mega.nz/file/3x13XJgD#XCluAnOtME5nb7aQR0kt2vRVeIqu3T6gflO8rR4GAHw'),
(366, 372, 'https://mega.nz/file/vxsH0LqI#eGE6XjJJEPR0LS-N32krzEl7FOyWJRPoNVoZ4cuz5tw'),
(367, 373, 'https://mega.nz/file/rgtT0bAK#bhvhSMtQhGv5KyRkZONMkJyyP5TJAk0Xz8A_zpp1Tak'),
(368, 374, 'https://mega.nz/file/SllBELyC#KNyr7rtCoGFzNnN_vgUswuS81H0jdMkAsCNsv1jC0NM'),
(369, 375, 'https://mega.nz/file/qw0D0DwA#dVUmccjQIiPGXbUyVTArvqehaD_Qk_GNkyhiwWq6wfc'),
(370, 376, 'https://mega.nz/file/2h1DAJzR#crIYFeU4TkHsyY9zkkqjoxljI4myhYRGl9KNo8Zbs8k'),
(371, 377, 'https://mega.nz/file/z49BCTCC#WO0FnGfRIRjvMucSUovGJAuUo9oQrYOntOL3pgnDz5U'),
(372, 378, 'https://mega.nz/file/v41nTZxT#A4VTULac1RXYOlmMAWcFeZ2MnFQSq1x0I0stDeXe1ZY'),
(373, 379, 'https://mega.nz/file/691XkDpZ#tbvDrDpl71qFvC6vma9U-nqY2Kma4noD5LM-OlHBXSA'),
(374, 380, 'https://mega.nz/file/Go13UBxT#dMWBLOUKMTh-7c8lK3gFg4In9N4h8Nfq-zN5_GwhUR0'),
(375, 381, 'https://mega.nz/file/K40hVJYY#pvp26AbrGKPn65MpLuiJmI-RPMWmwioYOFUt-BYmuHU'),
(376, 382, 'https://mega.nz/file/jhs3DBSa#1SIj6T2k8HGu_a-RHMFauHpzEY_OBa5RYWKqrtRVGHA'),
(377, 383, 'https://mega.nz/file/OptTDZZQ#uvKTp2gx1b6DQ9lVDTW7naAMjUO7iE9Ojg26LjUoRXo'),
(378, 384, 'https://mega.nz/file/691TTTSL#spP6Qn34g-yao7R6qnpd2ikYMcAfayk-w9OOtpBAvZ8'),
(379, 385, 'https://mega.nz/file/6otjVTob#w9sf-WPTT2Z24c9RcpBHYT_qbBN1z2gig3wQJSSjDqk'),
(380, 386, 'https://mega.nz/file/ikszDT5C#aYekBLa1xmUO76aBRqfzBHRzDFmYlTM7MPiLXw9ZgE4'),
(381, 387, 'https://mega.nz/file/Cs1RkZIL#MXYHHI2aelT2P6HejoK-jgMvK_FpvCOk3NWLLPPS1rg'),
(382, 388, 'https://mega.nz/file/Gt9VTbZA#FIAsndouz0yBzagDNR1zUymG46YUxiGaG5Ojwd-SQOs'),
(383, 389, 'sgfhjkghghghghghghghghghgh'),
(384, 390, 'https://mega.nz/file/S903WDbA#-RnW9bFBXEA6AVNrkDewMnCkeIUHJVZflupS-fTOfYE'),
(385, 391, 'https://mega.nz/file/jo0DBBqI#bEbFofI5Yw5-yGjLabeyQWszOAJncquvRwTVmuMu61E'),
(386, 392, 'https://mega.nz/file/bhkXGLaS#1seXSxcNRzAoCjkzN0SryFCC-bbMILvVxSBUXQOJiLQ'),
(387, 393, 'https://mega.nz/file/K09jDRRD#34kY64Dx-PliaBJ1u7ZgTeJZOuzcKuetj528V6eW8Ks'),
(388, 394, 'https://mega.nz/file/H98zEBwB#j1zsSd53MtlFay2vLR9fAnfy58XHO8RtchTmne_wmnA'),
(394, 400, 'https://mega.nz/file/uotjQTQK#mHe9YkconrZ8lKZ3Kh-QxGVUPVxts9_oFr4fmKENYoI'),
(395, 401, 'https://mega.nz/file/ao8VELAJ#4-PfsYmAZr7oZ_2bfwl1uaiaAm0MptinxgZj_DO_0Wg'),
(396, 402, 'https://mega.nz/file/yo0lADZB#QayYl_JP3oiSwMxOHcYeivuuypT7MTyG4N20QhUdZR0'),
(397, 403, 'https://mega.nz/file/il8zlJiD#cvMIJNzdozZBcgrSFmVDKorajna-5H4DMbCkmOrYRxw'),
(398, 404, 'https://mega.nz/file/TtkDAZQB#T0FeazaP4VYmQR4hYD34MbjcaCwtYW9kgOjBUmW2zC0'),
(399, 405, 'https://mega.nz/file/K4lBjDxa#5NuBfuETOQNapi5HJUSAkE27Rs32PSPhHVIQzKQb1q0'),
(400, 406, 'https://mega.nz/file/H89hXbjI#D4UeNNi2GBMtn66XwuYzcFSbq0scNqM553d9m7zBefw'),
(401, 407, 'https://mega.nz/file/nl0xlb4D#mHxIowbiZ42KyW9def1Yv50lX6TpybKKcDQnvVl4ma8'),
(402, 408, 'https://mega.nz/file/34sx1bbQ#Xp4c4Dtmd-7_XHkBogB0h4iMzs_CtdUELXzmZjp3JSM'),
(403, 409, 'https://mega.nz/file/2w9VzZjD#tvbDhvkCX9cXJATrUdRDd7ISaSFC_FoB_KtO-71VC_U'),
(404, 410, 'https://mega.nz/file/bskWiYYJ#6spJZBFQvUjz2gkrO2WKmBZPCuqO32jJAWSlX-NC9co'),
(405, 411, 'https://mega.nz/file/TglmhQrL#7FzjdiYrEcFpVgIg5eFkOGmxMrzw1gKuzMNeB6JtUto'),
(406, 412, 'https://mega.nz/file/volEVSDJ#fL63DtOoZy3ZtYUeOpv1CU2j9ybw2SktMbxRLfzAFOs'),
(407, 413, 'https://mega.nz/file/Ot0g2KjT#piVv6KVRh8Y6LMSVR2x9fWjzRecGv7zD_KBOdnAkYTE'),
(408, 414, 'https://mega.nz/file/P9kSmALB#K89Q4lx-ORtiecjYWBwuzFYYrTFwNCYMwPulIsrOT2s'),
(409, 415, 'https://mega.nz/file/2g8QxCiD#DM6KNjRVi6wh6nHUuPnVfUJQ4-G-vbZokqGXAPE65xk'),
(410, 416, 'https://mega.nz/file/7gtiEIDZ#t7K-3Z0zNA4Hg0Glyw8CGoCfJMwD2uCpb6v8rses1po'),
(411, 417, 'https://mega.nz/file/uss2CCRD#S1bMq_5naYMlhfFrZaWLUsyF1ovZcmGQF0PSK0HMpXM'),
(412, 418, 'https://mega.nz/file/ahsSlCLS#-kwLk5cWZ0_Y-d3hj4q4GGvN2TvMH8cs3Q41jXvZs4g'),
(413, 419, 'https://mega.nz/file/b5k0TCSK#Hx3DzmqFK3czQQR1MeN2BjWvYsiX4E8YOiUk1eYYWyY'),
(427, 433, 'https://mega.nz/file/j0UmXA6Q#RYIjnUokuT1q9TrnAhAMxRgAmQGEPpXUCx9WaoB-UZ8'),
(428, 434, 'https://mega.nz/file/W5EE2Y5K#ESzsBge1v1ITDwECYeIr58wcMrGhFWGKnvVjkW3RcqA'),
(429, 435, 'https://mega.nz/file/G0dAGCjQ#FLU9N7KeAvCWXleZBElvifDbdAxhANOkQs940e38GCE'),
(430, 436, 'https://mega.nz/file/39FAlQRJ#n8rDCsJAVHocrkW6T6sLSvynK1amtHOT_cDsydfKKUQ'),
(431, 437, 'https://mega.nz/file/n8NCGaDa#23LT0KZ1uqbRxPtPwryOzvqr-t1TvXn6LqReH3KYbD8'),
(432, 438, 'https://mega.nz/file/fxNUTaRR#TkaRWOGDz1cFJe2IPNFBPEeHOItljrE1o9_yrRKPE7o'),
(433, 439, 'https://mega.nz/file/60UyQIDQ#c_bpjOAgfyFvqWJ5jGPh1EPNgzZRXe9-ZZCoHP3JYDk'),
(434, 440, 'https://mega.nz/file/v1cmVApQ#50zWvSiqaPcs0Dh2Fm4wNP1z6epsZYtJM4xfE3Ej6Os'),
(435, 441, 'https://mega.nz/file/HhNgmC5a#UB_Enm_el0Vtrrq0NKv0IJmvVBYpGjA3Ysa4C5fGBiU'),
(436, 442, 'https://mega.nz/file/2sNSWIDK#J4SyyJbu_Pp8eA87t7T1gUvc465S3XV4NWC2D7CnpaY'),
(437, 443, 'https://mega.nz/file/G4M2AQZA#Raq2QB3vESqbR-jSkTZZCWUg1L6KJ7wWIeOcy4LjbyU'),
(438, 444, 'https://mega.nz/file/b0F2nCoJ#pSMkgBfFmwETyiFe5Ul7szHl4fnhGvIk2ZZg8VNl_mA'),
(443, 449, 'https://mega.nz/file/SsNx2YhZ#nQ-OhzucfbBRsHSqr4Ghk4p5vx5jUmn7bDY1kADHG5A'),
(444, 450, 'https://mega.nz/file/CpNFUCZZ#v-FrIwOSOFoUlMtq9QlHUMA9d2eE0oruZL1yv82HF8Y'),
(445, 451, 'https://mega.nz/file/D8VR1ITS#iQs2JL1WAUZneDOpl1Ea7F3rEEUTpKWZgSnctXS6YkM'),
(446, 452, 'https://mega.nz/file/WwFX1QLI#f2e0bZwLnaaFBCTck_S1TkIAF-cJtR_FjW0pyTGcckI'),
(447, 453, 'https://mega.nz/file/PtNTECAb#yaMXDaYtutZ8c2OgPbQbw3IwDHHVLeZ8GOJ3Lp-37Eo'),
(448, 454, 'https://mega.nz/file/KsVBSaRC#W7CZMUR04CaBePlkjG6mgfInAOuQ8ucRmmXixoA-xn4'),
(449, 455, 'https://mega.nz/file/e0dVCCwB#IoS2Z-d9qO9ga6lN8sZpBB3PER7qoHjvx4OFAQc10M0'),
(450, 456, 'https://mega.nz/file/eoEVwQCQ#-g335sVT_rU0HPtuEbFQ86BpDGqp8GmvbFZO34U50A8'),
(451, 457, 'https://mega.nz/file/rlNzGIoC#Ky6z1ZXCvBQMvm8tVG68AqyNgvfAnM1dyNZJwpuOa-0'),
(452, 458, 'https://mega.nz/file/voFxQI7a#VxdbdI6urPJb68IT5E2TlGfpR6nMWtklnvvGkvTbvTM'),
(453, 459, 'https://mega.nz/file/H1c3mASQ#gEpzSBTq7Xn0rgZWrgMFYmdcTZdD_3P3Pp1khSRtEhw'),
(454, 460, 'https://mega.nz/file/OgMH0CTB#TTvHr3FIuxsbnByxMJ9MB7NuNIhi87RwTyHCKfWH8aw'),
(457, 463, 'https://mega.nz/file/60NXCCCA#rC-EFnfkQ9YHWVKjOcRDMUAKKmzQpggnblRd-JPkNOs'),
(458, 464, 'https://mega.nz/file/S5VFxAKR#-2psPNWVycr-XlL2V_godz6CI4VNMfCQAQwT37o_1-A'),
(459, 465, 'https://mega.nz/file/W8NzmQiR#e_-Rfrh8XmCESn4Jl7M05_tanvWILY4fhZ6Q5fp_4-0'),
(460, 466, 'https://mega.nz/file/mkVHASRR#8-FLeOzOp2prXVbbPV3rdQ2OY9QNPZR_7fGa91kqT-Y'),
(461, 467, 'https://mega.nz/file/eodRESiD#y9GGUrDzXDIAg8pzCLx_uDf7C1ClYIX4glcz4ASNPtw'),
(462, 468, 'https://mega.nz/file/q4ETyKzR#kS7FytlAveBdlnuNj1HPWqi0ktpe0DsGX04pzKQeb_U'),
(463, 469, 'https://mega.nz/file/OsETiAqA#i-JT2mYW1VrOo1ioz7hbGjeYgXKHKrPbmdP5Ft9nH0I'),
(464, 470, 'https://mega.nz/file/j4URlCZB#pxYsDZHIzBYP48gNFbkBkBlF6mQe38XndfR-8z0wdw0'),
(465, 471, 'https://mega.nz/file/fkch1apI#fImuCyJOPv0Gu5rJ9_796_cvi79XGjRTr37jQE718rY'),
(466, 472, 'https://mega.nz/file/GsUF1IxT#TyLdA8fYpet9AABBX4ezcGzrjph46y8Ui4zU0xPycco'),
(467, 473, 'https://mega.nz/file/ngVxnA5J#_u8SjXdbZpMoJpHBocgtIyVxYn-l_dYJ-dHtWpPTqKU'),
(468, 474, 'https://mega.nz/file/u4VFSAAZ#43fzP75zicfCxlCpT7pEXCoKIKV3QazU_xxUf8aO3OU'),
(469, 475, 'https://mega.nz/file/CpNVzYqI#c6rlm05keqRTAK3AhuRS_mi9bINa3MB4sdV1T0249ic'),
(470, 476, 'https://mega.nz/file/WhUlDSIY#dWNEZkRXERkInJ5XQNRoPClwd6SHCJf0TJjgqPey12Q'),
(471, 477, 'https://mega.nz/file/XkMh3QBB#cBUiXqRaNA1L_XWWdopheL0cXyG-rmt1Bwht0xg7JlE'),
(472, 478, 'https://mega.nz/file/Dkc3HQiY#Wi2zUmWp-opVQwUz0CD7nebRN7j5O5mtl6fqed4zHWc'),
(473, 479, 'https://mega.nz/file/nsdX0QQJ#H80zPMZkHSDAQIzgN0MILXQaRQv0k7FKz7F56wq_iiw'),
(474, 480, 'https://mega.nz/file/7oNDkAZR#N7uYCMrW3Ga6SMB_JjY5tKT6mja3X4O5FsLwaQpUEJM'),
(475, 481, 'https://mega.nz/file/LhFnmIzS#VOzM_X1PDqvh3QxuwctItgqvKZIV01RvEX6IxHEcBJY'),
(476, 482, 'https://mega.nz/file/i8dhmCKT#GR2R-TPl_-8ycjav4-sRcUYirKyfyE38Li475_7kzhY'),
(477, 483, 'https://mega.nz/file/GwUHDA4S#b44wbm91r0rdoEswZicnxeTYWygNVT0NaRUYvW80k_c'),
(478, 484, 'https://mega.nz/file/WgE1XQIB#-7DnK2B1Ej-SZiSFddyAjreiE5bf67BSNHUEPAQVoDk'),
(479, 485, 'https://mega.nz/file/TlUlzKjB#HElX9eg-Q9mgb7N8j4MyuYeStzdxlAs2xGdZRW1dNiU'),
(480, 486, 'https://mega.nz/file/7pMXGK6C#NOLlQz1jTNTjaOblYUquN4dFWSwMoJ4Ws12Q5B6D5WU'),
(484, 490, 'https://mega.nz/file/GlFXDC4J#ZAdpgX8JL8BqFM8MLcGwbX3HG4aiXx56pYWV6lGRFQM'),
(485, 491, 'https://mega.nz/file/S9MDESga#slljJDCaQ7OirjQbdzwY5uDlgyBebAoeVNks9PVpzak'),
(486, 492, 'https://mega.nz/file/HxNVgAoY#j2_GeVQodV99RPxjevh4WTzJGUhsX34v3CxCtVC3IuU'),
(487, 493, 'https://mega.nz/file/u4FhXKpI#F54_GvF6XLQ8-qavVuwy3AI03-iHSsG5DImymyPJrI4'),
(488, 494, 'https://mega.nz/file/y4FVmIpY#xfSM88mq6WKVe0n3hKQgCTClr8yoz5YxtymtQ0h1LDM'),
(489, 495, 'https://mega.nz/file/68V3nSDS#dpNm-9oEJL3qDqpUOB_An5dKozwEZ7YZnLAuZepRwFg'),
(490, 496, 'https://mega.nz/file/jgMBxSiY#mJrFHGmkv2Hnts0ZYj0di_RAY3QtA77KdmfYLHD_eV4'),
(491, 497, 'https://mega.nz/file/ytcnRQTC#qr_FHHcLpu9BAU-kzCJABiv3FWvzhOEzGjcBMbFq2gY'),
(492, 498, 'https://mega.nz/file/isFD1CSa#vZySs18VrGWVKDst9XiGcTyV2cRuzGrVuSuiIyvt_lc'),
(493, 499, 'https://mega.nz/file/H8NXiSiY#QLcdggZzAyIq3cHJ53v1ldrkqw97kIN9uYKR6W7EDFg'),
(494, 500, 'https://mega.nz/file/TldXnKAJ#rKxXObp6YYzTiOmRSGmXixq2HL0D1-dbZwyrrzGVUiQ'),
(495, 501, 'https://mega.nz/file/KlVj0CKQ#n-xdZOZscGvvMM6KVY0hDW0zUAgylnhJxXJ5NQlGXJA'),
(496, 502, 'https://mega.nz/file/T8NVTASZ#1OEVQGjeVvu9eWgktIDJepD71bKChZzNtOCbUVsOc6M'),
(497, 503, 'https://mega.nz/file/atMnHSLA#zCh9bnY-C3LIAidTW1-MGZM3wrfwN1EZUV_pY44lh2Y'),
(498, 504, 'https://mega.nz/file/2lMX3ISA#-oNC6U7RtnlhFfU_22NVZnliXtXEGdg_cv5mwCPMyaQ'),
(499, 505, 'https://mega.nz/file/DscBHapK#gCV_Gz6S9WIgBn6YQ9qayl-4vyyQ6pGPHX2t5PIUaAM'),
(500, 506, 'https://mega.nz/file/XsUViAaL#qkzDKPNHNbgrzWRBuBJaglwVDOOikid_vXf8jO8cl80'),
(501, 507, 'https://mega.nz/file/z0NHgCBT#Q-Z-hl2jbZmHmciZ7YeBv7sSN2_2e4NlZNrxyEgP-LI'),
(502, 508, 'https://mega.nz/file/W9FhlSbJ#q3NEyYl-M1oz8vSUtJDz36MVh0H1M8xev4Mk5BQqrj0'),
(503, 509, 'https://mega.nz/file/3w9D0B7L#M7R-SltFm0fP9Ct4t4j96HhkgS_ouKRDm2j2p39nXMc'),
(504, 510, 'https://mega.nz/file/Pg1FlJ6Q#APpJeRxh_TdkB4ljDl1Z2Cnp72DPDWAYDWKcSuT02Yc'),
(505, 511, 'https://mega.nz/file/yxsHjZ4Q#E9sVum3FArwR3enqpnFrvawGUjDFJh6kC9bmvctYdZI'),
(506, 512, 'https://mega.nz/file/Dx9HCbrS#10A7IzfQBZ7W5sNshmycX2_CsqUyQhMeazkj4ddtzXM'),
(507, 513, 'https://mega.nz/file/7893HZrK#qNW8ra5JxkU2f_I0iQs8KCAt8mJ0A3xMecf_08Y5Flo'),
(508, 514, 'https://mega.nz/file/Gl8ngByS#1tP4ZoLk9D4yqn_VExu46S_1nCVY0yUKbjsCtTvFNkU'),
(509, 515, 'https://mega.nz/file/H00jhDjI#UCwPDvBZ8Ocx6VDsNzwnPXLIHukQLXFRZ9pSNqUMngc'),
(510, 516, 'https://mega.nz/file/r9lXWBBD#RDg6nwu-f0YcvFtdtR0F041JuWUc8WoJQbkWM8EU7P8'),
(511, 517, 'https://mega.nz/file/ulsXSBhD#YGF1Xrop7Qkh6WyBq8804fhicIgvIQgN1fjDUhgH8sI'),
(512, 518, 'https://mega.nz/file/nksl0JTY#r_fI2cA2MvNwy08NIgEy_1Thh4yl1lG7De5GAaZaxcQ'),
(513, 519, 'https://mega.nz/file/u88XBLpT#G4osvY47BseQbzg32AWP33EXVTtx4M878NTLVvBnk6M'),
(514, 520, 'https://mega.nz/file/KssDhRDZ#2kzN8wPh6gG_Plue46aogDr2WYvrv_8pxW58vLzkTqM'),
(515, 521, 'https://mega.nz/file/69sHQRwY#KtMfR22w5-xOzjbYa6u4KZQlKmggXS3Y_ypkWtBtRCU'),
(516, 522, 'https://mega.nz/file/z9tBmTKa#JkS_x1i2htpq14qptiE1pggtQNoFViCLprtogQfDki4'),
(517, 523, 'https://mega.nz/file/L08Vgb7Z#AyCjLqJam6R6-Mk2Clon8Cyf2ZvHbBtPQjDCrUEZRbo'),
(518, 524, 'https://mega.nz/file/ax0RlRwD#n14SxCCfyNZUuZHQqdQ8bV8kfURGHMK7aNsPLX6PycM'),
(519, 525, 'https://mega.nz/file/mtkFHRrY#rm9jD_ezS3QCMk781sQWBhQZn-ZfadobtkGRB9u6xHU'),
(520, 526, 'https://mega.nz/file/Xgsx0D5C#kIV1lgGfQWzkkbojtSMvLcAohQ5TLOs8Rl2jCYy4M2Q'),
(521, 527, 'https://mega.nz/file/fglFTTrC#SqZDuI4FlG6oOvmOJI5Z3k0KKSikfNVyxWpfuzKXcas'),
(522, 528, 'https://mega.nz/file/q5szxb4C#TRsPYAUjc-NSh6p15p7tzxA-g--3QQ_qRoRkH96hq2k'),
(523, 529, 'https://mega.nz/file/aplRgb7a#WbCD1eFUF2I_Xa6kfBDxJLYBF554I33zvp05D_lLooY'),
(524, 530, 'https://mega.nz/file/7htTnDoJ#NQJNnhiDrRhxg71VkEb95RvezFCZtFBUqQule9sgZaU'),
(525, 531, 'https://mega.nz/file/WosnXTwY#_mZ2kakysy9UQQYFD1N8SrhYEFojLxWDY8_4ZPJZK70'),
(526, 532, 'https://mega.nz/file/i4sHlRgK#Ln5C5fg1Z1L6kDRhcaH3VrtShWLkhgQrIJ2HkzvaNXw'),
(527, 533, 'https://mega.nz/file/r11ThTwa#C7p14cm4Pb-ws02c_1nE5dC6qYIyQ-Q3LIHLwi8h6Bw'),
(528, 534, 'https://mega.nz/file/yk9nSRwB#OZfbz36xUiTwx9uSA7aAKbePkX631lxpfwwUOM4HkfA'),
(529, 535, 'https://mega.nz/file/e90z1LYA#GiOXXuRMAkSwJNf_OEtdEvK5OYs22rAiiSv3sArpswM'),
(530, 536, 'https://mega.nz/file/mg9hiTRZ#6slK-wANB9kCLRBXX-coxDBjeUEkkN0GhR_HsnRyr3c'),
(531, 537, 'https://mega.nz/file/e5kXTRgI#g1AZH8RA090qh8wzkWuIEq2wuaYhpgKQpJzZp0t7O04'),
(532, 538, 'https://mega.nz/file/e99CGIIJ#yugdTzSKjhkXCiZgT6Zeqlv-Xwf3Wmmrlm_UyIVgBOQ'),
(533, 539, 'https://mega.nz/file/3gsQTAzJ#11NsYBOTcxyGxfsFr4s5-W706FDmPUqsvVSDhfYv2cE'),
(534, 540, 'https://mega.nz/file/T01gQShb#suC5yXmLAdrjk267KiDoD2hXjyQCkUetwZF_fCwQPss'),
(535, 541, 'https://mega.nz/file/DllWCIpJ#Jma-f8KTonacS6ZTYY0VrY2hAkrjLzc3ff51gUktylM'),
(536, 542, 'https://mega.nz/file/rt1mWaZC#6WnhlAjLbhqzWqLPyybl2fA-P3N_AwpB7tyyVUnhiUE'),
(537, 543, 'https://mega.nz/file/Kp1GHYBY#AkwAj5e1F4jH3sxOpljXSgNic1zvmldjhEg-2XtgoGo'),
(538, 288, 'https://mega.nz/file/aoVjmKRZ#MR4PxcfVQiJOuJ5rPvZMFvFbOzS3FdtsWo-qa_aoYE4'),
(539, 289, 'https://mega.nz/file/OkNxHSBY#sb4E6jN4yZ2ljPV13b4qX2lC6zWt2xZRxj8Mry-NgdI'),
(540, 290, 'https://mega.nz/file/m8ETTQxK#L4Fh1BDMiiskvVM5rbgyLa-4wbvFNSPtR734QQUCvdU'),
(541, 291, 'https://mega.nz/file/v0FXBAjJ#RfDqZebGHfje-l_jVKUa1M0-JM-hOkrdbH16zVNQk_g'),
(542, 292, 'https://mega.nz/file/e5MxnQ5Q#FKGJPHWfZvvpfBh1XNbD5gBjtuk9LmdYrw3rH6WR-HE'),
(543, 293, 'https://mega.nz/file/u0UjCIqY#tjjb270Ya73avtWm-f6np2US0XFp-59bU3aloa2FdxI'),
(544, 294, 'https://mega.nz/file/uoMHWIZb#jyLq2kHI6f6oo2IyqgBynZrQb9t4indTgr4_Pc6kItk');

-- --------------------------------------------------------

--
-- بنية الجدول `gmail_accounts`
--

CREATE TABLE `gmail_accounts` (
  `id` int(11) NOT NULL,
  `account_perfix` text COLLATE utf8_bin NOT NULL
) ENGINE=InnoDB DEFAULT CHARSET=utf8 COLLATE=utf8_bin;

-- --------------------------------------------------------

--
-- بنية الجدول `languages`
--

CREATE TABLE `languages` (
  `languageID` int(11) NOT NULL,
  `language` text COLLATE utf8_bin NOT NULL
) ENGINE=InnoDB DEFAULT CHARSET=utf8 COLLATE=utf8_bin;

--
-- إرجاع أو استيراد بيانات الجدول `languages`
--

INSERT INTO `languages` (`languageID`, `language`) VALUES
(1, 'Arabic'),
(2, 'English'),
(3, 'Spainsh'),
(4, 'German'),
(5, 'Korean'),
(6, 'Chinease'),
(14, 'Indian'),
(15, 'Italian'),
(16, 'French');

-- --------------------------------------------------------

--
-- بنية الجدول `movies`
--

CREATE TABLE `movies` (
  `id` int(11) NOT NULL,
  `name` text COLLATE utf8_bin DEFAULT NULL,
  `description` text COLLATE utf8_bin NOT NULL,
  `type` text COLLATE utf8_bin NOT NULL,
  `duration` bigint(20) NOT NULL DEFAULT 0,
  `imageUrl` text COLLATE utf8_bin NOT NULL,
  `rating` float(10,1) NOT NULL,
  `year` int(11) NOT NULL,
  `downloads_number` int(11) NOT NULL,
  `language` text COLLATE utf8_bin NOT NULL DEFAULT 'English'
) ENGINE=InnoDB DEFAULT CHARSET=utf8 COLLATE=utf8_bin;

--
-- إرجاع أو استيراد بيانات الجدول `movies`
--

INSERT INTO `movies` (`id`, `name`, `description`, `type`, `duration`, `imageUrl`, `rating`, `year`, `downloads_number`, `language`) VALUES
(1, '12 Strong (2018)\r\n', '12 Strong tells the story of the first Special Forces team deployed to Afghanistan after 9/11; under the leadership of a new captain, the team must work with an Afghan warlord to take down the Taliban.', 'Action, Drama, History', 7800, 'c87ff28ec1e61d76.jpg', 6.5, 2018, 0, 'English'),
(2, 'A Private War (2018)', 'One of the most celebrated war correspondents of our time, Marie Colvin is an utterly fearless and rebellious spirit, driven to the frontline of conflicts across the globe to give voice to the voiceless.', ' Biography, Drama, War', 6600, '7902d579844958e1.jpg', 6.7, 2018, 0, 'English'),
(3, 'A Quiet Place ', 'In a post-apocalyptic world, a family is forced to live in silence while hiding from monsters with ultra-sensitive hearing.', ' Drama, Horror, Sci-Fi', 4500, 'dc0eb651d9196e82.jpg', 7.5, 2018, 0, 'English'),
(4, 'A Simple Favor (2018)', 'Stephanie is a single mother with a parenting vlog who befriends Emily, a secretive upper-class woman who has a child at the same elementary school. When Emily goes missing, Stephanie takes it upon herself to investigate.', ' Comedy, Crime, Drama', 7020, 'b35fa1bbdde3e97c.jpg', 6.8, 2018, 0, 'English'),
(5, 'A Star Is Born (2018)', 'A musician helps a young singer find fame as age and alcoholism send his own career into a downward spiral.', ' Drama, Music, Romance', 8160, '96e0f489e0de1333.jpg', 7.7, 2018, 0, 'English'),
(6, 'Alpha (2018)', 'In the prehistoric past, a young man struggles to return home after being separated from his tribe during a buffalo hunt. He finds a similarly lost wolf companion and starts a friendship that would change humanity.', 'Action, Adventure, Drama', 5760, 'bc37325bd9f2f1d6.jpg', 6.7, 2018, 0, 'English'),
(7, 'An Elephant Sitting Still ', 'Four people in a Chinese city live through a complicated day as their lives intersect.', ' Drama', 13800, 'cf62a928f678f592.jpg', 7.8, 2018, 0, 'Chinese  '),
(9, 'Andhadhun ', 'A series of mysterious events changes the life of a blind pianist, who must now report a crime that he should technically know nothing of.', ' Crime, Thriller', 8340, 'a0b8b3efff717c74.jpg', 8.3, 2018, 0, 'Hindi '),
(10, 'Annihilation (2018)', 'A biologist signs up for a dangerous, secret expedition into a mysterious zone where the laws of nature don\'t apply.', 'Adventure, Drama, Horror', 6900, '9126b2445bf150ce.jpg', 6.9, 2018, 0, 'English'),
(11, 'Ant-Man and the Wasp (2018)', 'As Scott Lang balances being both a superhero and a father, Hope van Dyne and Dr. Hank Pym present an urgent new mission that finds the Ant-Man fighting alongside The Wasp to uncover secrets from their past.', ' Action, Adventure, Comedy', 7080, '91ca7a3d3a2377e8.jpg', 7.1, 2018, 0, 'English'),
(12, 'At Eternity\'s Gate (2018)', 'A look at the life of painter Vincent van Gogh during the time he lived in Arles and Auvers-sur-Oise, France.', 'Biography, Drama', 6660, 'c70272ea96f0090f.jpg', 6.9, 2018, 0, 'English'),
(13, 'Avengers: Infinity War ', 'The Avengers and their allies must be willing to sacrifice all in an attempt to defeat the powerful Thanos before his blitz of devastation and ruin puts an end to the universe.', 'Action, Adventure, Sci-Fi', 8940, '4a167742e150618c.jpg', 8.5, 2018, 0, 'English'),
(14, 'Beautiful Boy (2018)', 'Based on the best-selling pair of memoirs from father and son David and Nic Sheff, Beautiful Boy chronicles the heartbreaking and inspiring experience of survival, relapse and recovery in a family coping with addiction over many years.', 'Biography, Drama', 7200, '8e0459f5bfb228d6.jpg', 7.3, 2018, 0, 'English'),
(15, 'Bird Box (2018)', 'Five years after an ominous unseen presence drives most of society to suicide, a mother and her two children make a desperate bid to reach safety.', ' Drama, Horror, Sci-Fi', 7440, 'eb75959ee04e3ae4.jpg', 6.6, 2018, 0, 'English'),
(16, 'Black Panther (2018)', 'T\'Challa, heir to the hidden but advanced kingdom of Wakanda, must step forward to lead his people into a new future and must confront a challenger from his country\'s past.', ' Action, Adventure, Sci-Fi ', 8040, 'e820ef98e42b37fd.jpg', 7.3, 2018, 0, 'English'),
(17, 'BlacKkKlansman', 'Ron Stallworth, an African American police officer from Colorado Springs, CO, successfully manages to infiltrate the local Ku Klux Klan branch with the help of a Jewish surrogate who eventually becomes its leader. Based on actual events.', ' Biography, Crime, Drama', 8100, '0b7d2f881acc2322.jpg', 7.5, 2018, 0, 'English'),
(18, 'Bohemian Rhapsody ', 'The story of the legendary British rock band Queen and lead singer Freddie Mercury, leading up to their famous performance at Live Aid (1985).', 'Biography, Drama, Music', 8040, 'e0d1f3c0046a8db5.jpg', 8.0, 2018, 0, 'English'),
(19, 'Capernaum (2018)', 'While serving a five-year sentence for a violent crime, a 12-year-old boy sues his parents for neglect.', ' Drama', 7560, '7ff9e806862bc9db.jpg', 8.4, 2018, 0, 'Arabic'),
(20, 'Creed II (2018)', 'Under the tutelage of Rocky Balboa, newly crowned heavyweight champion Adonis Creed faces off against Viktor Drago, the son of Ivan Drago.', ' Drama, Sport', 7800, '566c0c13d726c5e4.jpg', 7.4, 2018, 0, 'English'),
(21, 'Deadpool 2 (2018)', 'Foul-mouthed mutant mercenary Wade Wilson (a.k.a. Deadpool), brings together a team of fellow mutant rogues to protect a young boy with supernatural abilities from the brutal, time-traveling cyborg Cable.', 'Action, Adventure, Comedy', 7140, '64e4cc4eac25c571.jpg', 7.7, 2018, 0, 'English'),
(22, 'Don\'t Worry, He Won\'t Get Far on Foot (2018)', 'On the rocky path to sobriety after a life-changing accident, John Callahan discovers the healing power of art, willing his injured hands into drawing hilarious, often controversial cartoons, which bring him a new lease on life.', 'Biography, Comedy, Drama', 6840, 'e2310e609066d8a9.jpg', 6.9, 2018, 0, 'English'),
(23, 'Eighth Grade (2018)\r\n', 'An introverted teenage girl tries to survive the last week of her disastrous eighth grade year before leaving to start high school.', 'Comedy, Drama ', 5580, 'debc2eecbea611c1.jpg', 7.4, 2018, 0, 'English'),
(24, 'Fantastic Beasts: The Crimes of Grindelwald (2018)\r\n', 'The second installment of the \"Fantastic Beasts\" series featuring the adventures of Magizoologist Newt Scamander.', ' Adventure, Family, Fantasy', 8040, 'df959bf1195347ca.jpg', 6.6, 2018, 0, 'English'),
(25, 'First Man (2018)', 'A look at the life of the astronaut, Neil Armstrong, and the legendary space mission that led him to become the first man to walk on the Moon on July 20, 1969.', 'Biography, Drama, History', 8460, '040cf34659ee9066.jpg', 7.3, 2018, 0, 'English'),
(26, 'Green Book \r\n', 'A working-class Italian-American bouncer becomes the driver of an African-American classical pianist on a tour of venues through the 1960s American South.', 'Biography, Comedy, Drama', 0, '', 8.2, 2018, 0, 'English'),
(27, 'Hereditary (2018)\r\n', 'A grieving family is haunted by tragic and disturbing occurrences.', 'Drama, Horror, Mystery', 7620, 'b26931bf8a79c92b.jpg', 7.3, 2018, 0, 'English'),
(28, 'Hotel Transylvania 3: Summer Vacation (2018)\r\n', 'Count Dracula and company participate in a cruise for sea-loving monsters, unaware that their boat is being commandeered by the monster-hating Van Helsing family.', 'Animation, Adventure, Comedy', 5820, '282649e12b99a5e5.jpg', 6.3, 2018, 0, 'English'),
(29, 'I Kill Giants ', 'Barbara Thorson struggles through life by escaping into a fantasy life of magic and monsters.', ' Drama, Fantasy, Thriller', 6360, '996543a060a87cb4.jpg', 6.2, 2018, 0, 'English'),
(30, 'The Incredibles ', 'A family of undercover superheroes, while trying to live the quiet suburban life, are forced into action to save the world.', ' Animation, Action, Adventure', 6900, 'ed7d821a7d6541bb.jpg', 8.0, 2018, 0, 'English'),
(31, 'Indivisible', 'The extraordinary true story of Army Chaplain Darren Turner and his wife Heather. When war etches battle scars on their hearts, they face one more battle: the fight to save their marriage. One marriage, one family, under God.', ' Drama, War', 7140, '8ef147586c79a04b.jpg', 5.6, 2018, 0, 'English'),
(32, 'Johnny English Strikes Again \r\n', 'After a cyber-attack reveals the identity of all of the active undercover agents in Britain, Johnny English (Rowan Atkinson) is forced to come out of retirement to find the mastermind hacker.\r\n', ' Action, Adventure, Comedy', 5340, 'aa3a0806f5d87402.jpg', 6.2, 2018, 0, 'English'),
(33, 'Kill Bill: Vol. 1 \r\n', 'After awakening from a four-year coma, a former assassin wreaks vengeance on the team of assassins who betrayed her.\r\n', ' Action, Crime, Thriller', 6660, '976bd0dc2913c79c.jpg', 8.1, 2003, 0, 'English'),
(34, 'Kill Bill: Vol. 2\r\n', 'The Bride continues her quest of vengeance against her former boss and lover Bill, the reclusive bouncer Budd, and the treacherous, one-eyed Elle.\r\n', ' Action, Crime, Thriller', 8220, 'e0160ce27efe47ee.jpg', 8.0, 2004, 0, 'English'),
(35, 'Kiss Kiss Bang Bang', 'A murder mystery brings together a private eye, a struggling actress, and a thief masquerading as an actor.\r\n', 'Action, Comedy, Crime', 6180, '5e83daf3b6b68bf3.jpg', 7.5, 2005, 0, 'English'),
(36, 'Mary Magdalene', 'Twelve men heard and spread the message of Jesus. Only one woman understood it.\r\n', ' Biography, Drama ', 7200, '5cc8747d2d837470.jpg', 5.4, 2018, 1, 'English'),
(37, 'Maze Runner: The Death Cure', 'Young hero Thomas embarks on a mission to find a cure for a deadly disease known as \"The Flare\".\r\n', ' Action, Adventure, Sci-F', 8580, '859fa95bc002ac05.jpg', 6.2, 2018, 0, 'English'),
(38, 'Mile 22', 'A small team of elite American intelligence officers, part of a top-secret tactical command unit, try to smuggle a mysterious police officer with sensitive information out of Indonesia.\r\n', ' Action, Thriller ', 5640, 'ea93d9f0a6a5f13b.jpg', 6.1, 2018, 0, 'English'),
(39, 'Mission: Impossible - Fallout', 'Ethan Hunt and his IMF team, along with some familiar allies, race against time after a mission gone wrong.\r\n', ' Action, Adventure, Thriller', 8820, 'c136e4ceb61f4a33.jpg', 7.8, 2018, 0, 'English'),
(40, 'Mortal Engines', 'In a post-apocalyptic world where cities ride on wheels and consume each other to survive, two people meet in London and try to stop a conspiracy.\r\n', 'Action, Adventure, Fantasy', 7680, '95021cb7e218ad9d.jpg', 6.1, 2018, 0, 'English'),
(41, 'Mowgli: Legend of the Jungle', 'A human child raised by wolves must face off against a menacing tiger named Shere Khan, as well as his own origins.\r\n', 'Adventure, Drama, Fantasy', 6240, 'bab3f0bd8fbc65f5.jpg', 6.5, 2018, 0, 'English'),
(42, 'Night School', 'A group of high school dropouts are forced to attend night school in hope that they\'ll pass the GED exam to finish high school.\r\n', ' Comedy ', 6660, 'f4d6b7d16aca93a2.jpg', 5.6, 2018, 0, 'English'),
(43, 'Ocean\'s Eight', 'Debbie Ocean gathers an all-female crew to attempt an impossible heist at New York City\'s yearly Met Gala.\r\n', 'Action, Comedy, Crime', 6600, 'cbd1465fb180a9c7.jpg', 6.2, 2018, 0, 'English'),
(44, 'Operation Red Sea', 'PLA Navy Marine Corps launch a hostage rescue operation in the fictional Republic of Ihwea and undergo a fierce battle with rebellions and terrorism.\r\n', ' Action, Drama, Thriller', 8520, '2c8d198d998cc6cf.jpg', 6.7, 2018, 0, 'Korean '),
(45, 'Overlord', 'A small group of American soldiers find horror behind enemy lines on the eve of D-Day.\r\n', ' Action, Adventure, Horror', 6600, 'e2f08a43d0982222.jpg', 6.6, 2018, 0, 'English'),
(46, 'Ralph Breaks the Internet', 'Six years after the events of \"Wreck-It Ralph,\" Ralph and Vanellope, now friends, discover a wi-fi router in their arcade, leading them into a new adventure.\r\n', ' Animation, Adventure, Comedy', 6720, '6801c5879b7f7e33.jpg', 7.1, 2018, 0, 'English'),
(47, 'Rampage', 'When three different animals become infected with a dangerous pathogen, a primatologist and a geneticist team up to stop them from destroying Chicago.\r\n', 'Action, Adventure, Sci-Fi', 6420, '7ab79c2b3017ac8b.jpg', 6.1, 2018, 0, 'English'),
(48, 'Red Sparrow', 'Ballerina Dominika Egorova is recruited to \'Sparrow School,\' a Russian intelligence service where she is forced to use her body as a weapon. Her first mission, targeting a C.I.A. agent, threatens to unravel the security of both nations.\r\n', 'Action, Drama, Thriller', 8400, 'f550975d3b6104f5.jpg', 6.6, 2018, 0, 'English'),
(49, 'Robin Hood', 'A war-hardened Crusader and his Moorish commander mount an audacious revolt against the corrupt English crown.\r\n', ' Action, Adventure, Thriller', 6960, 'aa71c8d32f73df80.jpg', 5.3, 2018, 0, 'English'),
(50, 'Roma', 'A year in the life of a middle-class family\'s maid in Mexico City in the early 1970s.\r\n', 'Drama', 8100, 'cb47bf6a3eae01a2.jpg', 7.7, 2018, 0, 'Spanish '),
(51, 'Searching', 'After his 16-year-old daughter goes missing, a desperate father breaks into her laptop to look for clues to find her.\r\n', ' Drama, Mystery, Thriller', 6120, '1341d6d192d9943a.jpg', 7.6, 2018, 0, 'Korean \r\n'),
(52, 'Skyscraper', 'A security expert must infiltrate a burning skyscraper, 225 stories above ground, when his family is trapped inside by criminals.\r\n', ' Action, Adventure, Thriller', 6120, '3ab02bf691ab7b08.jpg', 5.8, 2018, 0, 'English'),
(53, 'Spider-Man: Into the Spider-Verse', 'Teen Miles Morales becomes Spider-Man of his reality, crossing his path with five counterparts from other dimensions to stop a threat for all realities.\r\n', ' Animation, Action, Adventure', 7020, '8e70a2aa0553da3b.jpg', 8.4, 2018, 0, 'English'),
(54, 'Super Troopers 2', 'When a border dispute arises between the U.S. and Canada, the Super Troopers are tasked with establishing a Highway Patrol station in the disputed area.\r\n', ' Comedy, Crime, Mystery', 5940, '1d963ebd337e7bb2.jpg', 6.0, 2018, 0, 'English'),
(55, 'Tag', 'A small group of former classmates organize an elaborate, annual game of tag that requires some to travel all over the country.\r\n', ' Comedy', 6000, '0cd2e38bd9c11d37.jpg', 6.5, 2018, 0, 'English'),
(56, 'The Favourite', 'In early 18th century England, a frail Queen Anne occupies the throne and her close friend, Lady Sarah, governs the country in her stead. When a new servant, Abigail, arrives, her charm endears her to Sarah.\r\n', 'Biography, Comedy, Drama', 7140, 'b11ce25f7830a2b6.jpg', 7.6, 2018, 0, 'English'),
(57, 'Dr. Seuss\' The Grinch', 'A grumpy Grinch (Benedict Cumberbatch) plots to ruin Christmas for the village of Whoville.\r\n', 'Animation, Family, Fantasy', 5100, 'a6e674579f2c9345.jpg', 6.3, 2018, 0, 'English'),
(58, 'The House That Jack Built', 'The story follows Jack, a highly intelligent serial killer, over the course of twelve years, and depicts the murders that really develop his inner madman.\r\n', ' Crime, Drama, Horror', 9120, 'ac42b9c73c1fac66.jpg', 6.8, 2018, 0, 'English'),
(59, 'The Marine 6: Close Quarters', 'Jake Carter and another former Marine, Luke Trapper, join forces to rescue a kidnapped girl from a gang of international criminals.\r\n', ' Action, Drama', 5100, '1e138610c3857b29.jpg', 4.8, 2018, 0, 'English'),
(60, 'The Meg', 'A group of scientists exploring the Marianas Trench encounter the largest marine predator that has ever existed - the Megalodon.\r\n', ' Action, Horror, Sci-Fi ', 6780, '1fa0b46c5de13942.jpg', 5.7, 2018, 0, 'English'),
(61, 'The Mule', 'A ninety-year-old horticulturist and Korean War veteran turns drug mule for a Mexican cartel.\r\n', ' Crime, Drama, Thriller', 6960, '1080ea095eb1bf42.jpg', 7.0, 2018, 0, 'English'),
(62, 'The Nun', 'A priest with a haunted past and a novice on the threshold of her final vows are sent by the Vatican to investigate the death of a young nun in Romania and confront a malevolent force in the form of a demonic nun.\r\n', ' Horror, Mystery, Thriller', 5760, '1fe7e76bed3b1c7c.jpg', 5.3, 2018, 0, 'English'),
(63, 'The Old Man & the Gun', 'Based on the true story of Forrest Tucker and his audacious escape from San Quentin at the age of 70 to an unprecedented string of heists that confounded authorities and enchanted the public.\r\n', ' Biography, Comedy, Crime', 5580, 'f37be4541519f68d.jpg', 6.7, 2018, 0, 'English'),
(64, 'The Predator ', 'When a young boy accidentally triggers the universe\'s most lethal hunters\' return to Earth, only a ragtag crew of ex-soldiers and a disgruntled scientist can prevent the end of the human race.\r\n', ' Action, Adventure, Sci-Fi', 6420, '1646db1239554a2b.jpg', 5.4, 2018, 0, 'English'),
(65, 'The Sisters Brothers', 'In 1850s Oregon, the infamous duo of assassins, Eli Sisters (John C. Reilly) and Charlie Sisters (Joaquin Phoenix), chase a gold prospector and his unexpected ally.\r\n', 'Crime, Drama, Western', 7320, '', 7.0, 2018, 0, 'English'),
(66, 'The Terminal', 'An Eastern European tourist unexpectedly finds himself stranded in JFK airport, and must take up temporary residence there.\r\n', 'Comedy, Drama, Romance', 7680, 'b1157094e2e534d7.jpg', 7.3, 2004, 0, 'English'),
(67, 'Unsane', 'A young woman is involuntarily committed to a mental institution, where she is confronted by her greatest fear--but is it real or a product of her delusion?\r\n', ' Drama, Horror, Mystery', 5880, 'ea2c17fa317cb374.jpg', 6.4, 2018, 0, 'English'),
(68, 'Upgrade', 'Set in the near-future, technology controls nearly all aspects of life. But when Grey, a self-labelled technophobe\'s world\'s turned upside down, his only hope for revenge is an experimental computer chip implant.\r\n', 'Action, Horror, Sci-Fi', 6000, '186ff624ba496823.jpg', 7.5, 2018, 0, 'English'),
(69, 'Venom', 'A failed reporter is bonded to an alien entity, one of many symbiotes who have invaded Earth. But the being takes a liking to Earth and decides to protect it.\r\n', ' Action, Sci-Fi, Thriller', 6720, 'be31e6ab552a0501.jpg', 6.7, 2018, 0, 'English'),
(70, 'Vice', 'The story of Dick Cheney, an unassuming bureaucratic Washington insider, who quietly wielded immense power as Vice President to George W. Bush, reshaping the country and the globe in ways that we still feel today.\r\n', ' Biography, Comedy, Drama ', 7920, '90311a717ca46881.jpg', 7.2, 2018, 0, 'English'),
(71, 'Wild Rose', 'A troubled young Glaswegian woman dreams of becoming a Nashville country star.\r\n', 'Comedy, Drama, Music', 6060, 'ad85822a644ed855.jpg', 7.2, 2018, 0, 'English'),
(72, 'How to Train Your Dragon: The Hidden World', 'When Hiccup discovers Toothless isn\'t the only Night Fury, he must seek \"The Hidden World\", a secret Dragon Utopia before a hired tyrant named Grimmel finds it first.\r\n', ' Animation, Action, Adventure', 6240, 'badf42ddbdf2aab7.jpg', 7.5, 2019, 0, 'English'),
(73, 'Isn\'t It Romantic', 'A young woman disenchanted with love mysteriously finds herself trapped inside a romantic comedy.\r\n', 'Comedy, Fantasy, Romance', 5340, '7a19e306ff69be78.jpg', 5.9, 2019, 0, 'English'),
(74, 'It Chapter Two', 'Twenty-seven years after their first encounter with the terrifying Pennywise, the Losers Club have grown up and moved away, until a devastating phone call brings them back.\r\n', 'Drama, Fantasy, Horror', 10140, 'da4eb02eb6b40585.jpg', 6.6, 2019, 0, 'English'),
(75, 'John Wick: Chapter 3 - Parabellum', 'John Wick is on the run after killing a member of the international assassins\' guild, and with a $14 million price tag on his head, he is the target of hit men and women everywhere.\r\n', 'Action, Crime, Thriller', 7860, '2247d800cab6a466.jpg', 7.5, 2019, 0, 'English'),
(76, 'Jojo Rabbit', 'A young boy in Hitler\'s army finds out his mother is hiding a Jewish girl in their home.\r\n', ' Comedy, Drama, War', 6480, 'f693f6f6f3a10ce8.jpg', 8.0, 2019, 0, 'English'),
(77, 'Joker', 'In Gotham City, mentally troubled comedian Arthur Fleck is disregarded and mistreated by society. He then embarks on a downward spiral of revolution and bloody crime. This path brings him face-to-face with his alter-ego: the Joker.\r\n', ' Crime, Drama, Thriller', 7320, '53199fccb307af9e.jpg', 8.5, 2019, 0, 'English'),
(78, 'Jumanji: The Next Level', 'In Jumanji: The Next Level, the gang is back but the game has changed. As they return to rescue one of their own, the players will have to brave parts unknown from arid deserts to snowy mountains, to escape the world\'s most dangerous game.\r\n', ' Action, Adventure, Comedy', 7380, 'fcaed5cb00ebd336.jpg', 6.8, 2019, 0, 'English'),
(79, 'Klaus', 'A simple act of kindness always sparks another, even in a frozen, faraway place. When Smeerensburg\'s new postman, Jesper, befriends toymaker Klaus, their gifts melt an age-old feud and deliver a sleigh full of holiday traditions.\r\n', ' Animation, Adventure, Comed', 5760, '9107635cdc90400c.jpg', 8.2, 2019, 0, 'English'),
(80, 'Knives Out', 'A detective investigates the death of a patriarch of an eccentric, combative family.\r\n', ' Comedy, Crime, Drama', 7860, '063b48feb98e04c1.jpg', 8.0, 2019, 0, 'English'),
(81, 'Last Christmas', 'Kate is a young woman subscribed to bad decisions. Working as an elf in a year round Christmas store is not good for the wannabe singer. However, she meets Tom there. Her life takes a new turn. For Kate, it seems too good to be true.\r\n', ' Comedy, Drama, Romance ', 6180, '7b95098c66295b2e.jpg', 6.5, 2019, 0, 'English'),
(82, 'Marriage Story', 'Noah Baumbach\'s incisive and compassionate look at a marriage breaking up and a family staying together.\r\n', ' Comedy, Drama, Romance', 8220, '9971208fa27bdecb.jpg', 8.0, 2019, 0, 'English'),
(83, 'Men in Black: Internationa', 'The Men in Black have always protected the Earth from the scum of the universe. In this new adventure, they tackle their biggest threat to date: a mole in the Men in Black organization.\r\n', ' Action, Adventure, Comedy', 6840, 'e94eabf461538c8c.jpg', 5.6, 2019, 0, 'English'),
(84, 'Once Upon a Time... in Hollywood', 'A faded television actor and his stunt double strive to achieve fame and success in the film industry during the final years of Hollywood\'s Golden Age in 1969 Los Angeles.\r\n', 'Comedy, Drama', 9660, '80c8f360af71601a.jpg', 7.7, 2019, 0, 'English'),
(85, 'Parasite', 'A poor family, the Kims, con their way into becoming the servants of a rich family, the Parks. But their easy life gets complicated when their deception is threatened with exposure.\r\n', 'Comedy, Drama, Thriller', 7920, '5548c66029b3bd03.jpg', 8.6, 2019, 0, 'English'),
(86, 'Polar', 'A retiring assassin suddenly finds himself on the receiving end of a hit, contracted by none other than his own employer seeking to cash in on the pensions of aging employees.\r\n', 'Action, Crime, Drama', 7080, 'fb27d6681c2fd2f4.jpg', 6.3, 2019, 0, 'English'),
(87, 'Shazam!', 'A newly fostered young boy in search of his mother instead finds unexpected super powers and soon gains a powerful enemy.\r\n', 'Action, Adventure, Comedy', 7920, 'c9f31d279d2b6a3a.jpg', 7.1, 2019, 0, 'English'),
(88, 'Sonic the Hedgehog', 'After discovering a small, blue, fast hedgehog, a small-town police officer must help it defeat an evil genius who wants to do experiments on it.\r\n', 'Action, Adventure, Comedy', 5940, 'b4ecef10c415fbb5.jpg', 6.7, 2020, 0, 'English'),
(89, 'Spider-Man: Far from Home', 'Following the events of Avengers: Endgame (2019), Spider-Man must step up to take on new threats in a world that has changed forever.\r\n', 'Action, Adventure, Sci-Fi', 7740, 'b5ed8eb7052fb0d6.jpg', 7.5, 2019, 0, 'English'),
(90, 'The Curse of la Llorona', 'Ignoring the eerie warning of a troubled mother suspected of child endangerment, a social worker and her own small kids are soon drawn into a frightening supernatural realm.\r\n', ' Horror, Mystery, Thriller', 5580, 'cf3da49d6cecde94.jpg', 5.3, 2019, 0, 'English'),
(91, 'The Irishman', 'An aging hitman recalls his time with the mob and the intersecting events with his friend, Jimmy Hoffa, through the 1950-70s.\r\n', 'Biography, Crime, Drama', 12540, 'e1875bfefcfe478d.jpg', 7.9, 2019, 0, 'English'),
(92, 'The Secret Life of Pets 2', 'Continuing the story of Max and his pet friends, following their secret lives after their owners leave them for work or school each day.\r\n', ' Animation, Adventure, Comedy', 5160, 'b9ec5871c731365c.jpg', 6.5, 2019, 0, 'English'),
(93, 'Togo', 'The story of the sled dog, Togo, who led the 1925 serum run, but was considered by most to be too small and weak to lead such an intense race.\r\n', ' Adventure, Biography, Drama', 6780, '8fe0c1a0fc1ff39a.jpg', 8.1, 2019, 0, 'English'),
(94, 'Toy Story 4', 'When a new toy called \"Forky\" joins Woody and the gang, a road trip alongside old and new friends reveals how big the world can be for a toy.\r\n', ' Animation, Adventure, Comedy', 6000, '32809cebf040cd2c.jpg', 7.8, 2019, 0, 'English'),
(95, 'Us', 'A family\'s serene beach vacation turns to chaos when their doppelgängers appear and begin to terrorize them.\r\n', 'Horror, Mystery, Thriller', 6960, '03e43abe6ef927b5.jpg', 6.9, 2019, 0, 'English'),
(96, '6 Underground', 'Meet a new kind of action hero. Six untraceable agents, totally off the grid. They\'ve buried their pasts so they can change the future.\r\n', 'Action, Comedy, Thriller', 7680, 'e9e7aa33eb060f88.jpg', 6.1, 2019, 0, 'English'),
(97, '1917', 'April 6th, 1917. As a regiment assembles to wage war deep in enemy territory, two soldiers are assigned to race against time and deliver a message that will stop 1,600 men from walking straight into a deadly trap.\r\n', ' Drama, War', 7140, '5659be8bfaf64233.jpg', 8.4, 2019, 0, 'English'),
(98, 'A Dog\'s Journey', 'A dog finds the meaning of his own existence through the lives of the humans he meets.\r\n', 'Comedy, Drama, Family', 6540, '841853f8bb690c3e.jpg', 7.4, 2019, 0, 'English'),
(99, 'Ad Astra', 'Astronaut Roy McBride undertakes a mission across an unforgiving solar system to uncover the truth about his missing father and his doomed expedition that now, 30 years later, threatens the universe.\r\n', ' Adventure, Drama, Mystery', 7380, '9820f5cc9f117e0a.jpg', 6.6, 2019, 0, 'English'),
(100, 'Aladdin', 'A kind-hearted street urchin and a power-hungry Grand Vizier vie for a magic lamp that has the power to make their deepest wishes come true.\r\n', 'Adventure, Family, Fantasy', 7680, 'b86d481a38c71dc8.jpg', 7.0, 2019, 0, 'English'),
(101, 'Alita: Battle Angel', 'A deactivated cyborg is revived, but cannot remember anything of her past life and goes on a quest to find out who she is.\r\n', 'Action, Adventure, Sci-Fi', 7320, '0caaa6100310b309.jpg', 7.3, 2019, 0, 'English'),
(102, 'Annabelle Comes Home', 'While babysitting the daughter of Ed and Lorraine Warren, a teenager and her friend unknowingly awaken an evil spirit trapped in a doll.\r\n', ' Horror, Mystery, Thriller ', 6360, '4fd966f575e60775.jpg', 5.9, 2019, 0, 'English'),
(103, 'Avengers: Endgame', 'After the devastating events of Avengers: Infinity War (2018), the universe is in ruins. With the help of remaining allies, the Avengers assemble once more in order to reverse Thanos\' actions and restore balance to the universe.\r\n', ' Action, Adventure, Drama', 10860, '93207b6b7bedfe0e.jpg', 8.4, 2019, 0, 'English'),
(104, 'Birds of Prey: And the Fantabulous Emancipation of One Harley Quinn', 'After splitting with the Joker, Harley Quinn joins superheroes Black Canary, Huntress and Renee Montoya to save a young girl from an evil crime lord.\r\n', ' Action, Adventure, Crime', 6540, '272a701a8eb150d4.jpg', 6.5, 2020, 0, 'English'),
(105, 'Captain Marvel', 'Carol Danvers becomes one of the universe\'s most powerful heroes when Earth is caught in the middle of a galactic war between two alien races.\r\n', 'Action, Adventure, Sci-Fi', 7380, 'f7268485bf8336c4.jpg', 6.9, 2019, 0, 'English'),
(106, 'Charlie\'s Angels', 'When a young systems engineer blows the whistle on a dangerous technology, Charlie\'s Angels are called into action, putting their lives on the line to protect us all.\r\n', ' Action, Adventure, Comedy', 7080, '359b36d716c604d0.jpg', 4.5, 2019, 0, 'English'),
(107, 'X-Men: Dark Phoenix', 'Jean Grey begins to develop incredible powers that corrupt and turn her into a Dark Phoenix, causing the X-Men to decide if her life is worth more than all of humanity.\r\n', 'Action, Adventure, Sci-Fi', 6780, '674b2511efe6e483.jpg', 5.8, 2019, 0, 'English'),
(108, 'Dolittle', 'A physician who can talk to animals embarks on an adventure to find a legendary island with a young apprentice and a crew of strange pets.\r\n', 'Adventure, Comedy, Family', 6060, 'cb6bae1403fb3b0b.jpg', 5.5, 2019, 0, 'English'),
(109, 'Escape Room', 'Six strangers find themselves in a maze of deadly mystery rooms and must use their wits to survive.\r\n', ' Action, Adventure, Horror', 5940, 'a31216371a3d10a8.jpg', 6.3, 2019, 0, 'English'),
(110, 'Ford v Ferrari', 'American car designer Carroll Shelby and driver Ken Miles battle corporate interference and the laws of physics to build a revolutionary race car for Ford in order to defeat Ferrari at the 24 Hours of Le Mans in 1966.\r\n', ' Action, Biography, Drama', 9120, 'e110f0f82c6d6437.jpg', 8.1, 2019, 0, 'English'),
(111, 'Glass', 'Security guard David Dunn uses his supernatural abilities to track Kevin Wendell Crumb, a disturbed man who has twenty-four personalities.\r\n', 'Drama, Sci-Fi, Thriller', 7740, '79007d4a0ec25cb7.jpg', 6.7, 2019, 0, 'English'),
(112, 'Godzilla: King of the Monsters', 'The crypto-zoological agency Monarch faces off against a battery of god-sized monsters, including the mighty Godzilla, who collides with Mothra, Rodan, and his ultimate nemesis, the three-headed King Ghidorah.\r\n', ' Action, Adventure, Fantasy', 7920, 'f3b91e5bbaa2a3e6.jpg', 6.1, 2019, 0, 'English'),
(113, 'The Hateful Eight', 'In the dead of a Wyoming winter, a bounty hunter and his prisoner find shelter in a cabin currently inhabited by a collection of nefarious characters.\r\n', 'Crime, Drama, Mystery', 9880, '214f9f55a19c826c.jpg', 7.8, 2015, 0, 'English'),
(115, 'Spies in Disguise ', 'When the world\'s best spy is turned into a pigeon, he must rely on his nerdy tech officer to save the world.\r\n', ' Animation, Action, Adventure', 5000, '6179696a58939d25.jpg', 6.8, 2018, 0, 'English'),
(116, 'A Dog\'s Purpose', 'A dog looks to discover his purpose in life over the course of several lifetimes and owners.\r\n', ' Adventure, Comedy, Drama', 6000, '0c24727e6547253d.jpg', 7.2, 2017, 0, 'English'),
(117, 'Alien: Covenant', 'The crew of a colony ship, bound for a remote planet, discover an uncharted paradise with a threat beyond their imagination, and must attempt a harrowing escape.\r\n', ' Horror, Sci-Fi, Thriller', 7120, '91f1a8db59c90550.jpg', 6.4, 2017, 0, 'English'),
(118, 'American Made', 'The story of Barry Seal, an American pilot who became a drug-runner for the CIA in the 1980s in a clandestine operation that would be exposed as the Iran-Contra Affair.\r\n', 'Action, Biography, Comedy', 6700, '75f2e9b068ceb995.jpg', 7.1, 2017, 0, 'English'),
(119, 'Baby Driver', 'After being coerced into working for a crime boss, a young getaway driver finds himself taking part in a heist doomed to fail.\r\n', 'Action, Crime, Drama', 6500, '0144d7e725d038ab.jpg', 7.6, 2017, 0, 'English'),
(120, 'Beauty and the Beast', 'A selfish Prince is cursed to become a monster for the rest of his life, unless he learns to fall in love with a beautiful young woman he keeps prisoner.\r\n', ' Family, Fantasy, Musical', 7540, '157b790988a819c9.jpg', 7.1, 2017, 0, 'English'),
(121, 'Bomb City', 'Bomb City is a crime-thriller, about the cultural aversion of a group of punk rockers in a conservative Texas town. Their ongoing battle with a rival, more-affluent clique leads to a ... See full summary »\r\n', ' Crime, Drama', 5400, 'd7bfcea71dec8721.jpg', 6.8, 2017, 0, 'English'),
(122, 'Despicable Me 3', 'Gru (Steve Carell) meets his long-lost charming, cheerful, and more successful twin brother Dru (Steve Carell), who wants to team up with him for one last criminal heist.\r\n', 'Animation, Adventure, Comedy', 5400, '295e0be7b5a6abdb.jpg', 6.3, 2017, 0, 'English'),
(123, 'Ghost in the Shell', 'In the near future, Major Mira Killian is the first of her kind: A human saved from a terrible crash, who is cyber-enhanced to be a perfect soldier devoted to stopping the world\'s most dangerous criminals.\r\n', ' Action, Drama, Sci-Fi', 6500, '6195390a7359dca5.jpg', 6.3, 2017, 0, 'English'),
(124, 'Gifted', 'Frank, a single man raising his child prodigy niece Mary, is drawn into a custody battle with his mother.\r\n', 'Drama', 6060, 'ef9ed5a7facb5f2c.jpg', 7.6, 2017, 0, 'English'),
(125, 'Guardians of the Galaxy Vol. 2', 'The Guardians struggle to keep together as a team while dealing with their personal family issues, notably Star-Lord\'s encounter with his father the ambitious celestial being Ego.\r\n', 'Action, Adventure, Comedy', 7720, 'd13150e791a65040.jpg', 7.6, 2017, 0, 'English'),
(126, 'Guns Akimbo', 'A guy relies on his newly-acquired gladiator skills to save his ex-girlfriend from kidnappers.\r\n', ' Action, Comedy', 5680, 'e5b788027ed77aee.jpg', 6.4, 2017, 0, 'English'),
(127, 'John Wick: Chapter 2', 'After returning to the criminal underworld to repay a debt, John Wick discovers that a large bounty has been put on his life.\r\n', 'Action, Crime, Thriller', 7120, 'b41ddc69109c9c35.jpg', 7.5, 2017, 0, 'English'),
(128, 'Jumanji: Welcome to the Jungle ', 'Four teenagers are sucked into a magical video game, and the only way they can escape is to work together to finish the game.\r\n', ' Action, Adventure, Comedy ', 6940, '4075e020b2dc0972.jpg', 6.9, 2017, 0, 'English'),
(129, 'King Arthur: Legend of the Sword', 'Robbed of his birthright, Arthur comes up the hard way in the back alleys of the city. But once he pulls the sword from the stone, he is forced to acknowledge his true legacy - whether he likes it or not.\r\n', ' Action, Adventure, Drama', 7540, 'ea40c74de5d0681e.jpg', 6.7, 2017, 0, 'English'),
(130, 'Kong: Skull Island', 'After the Vietnam war, a team of scientists explores an uncharted island in the Pacific, venturing into the domain of the mighty Kong, and must fight to escape a primal Eden.\r\n', ' Action, Adventure, Fantasy', 6880, '632fd880ba995408.jpg', 6.6, 2017, 0, 'English'),
(131, 'Life', 'A team of scientists aboard the International Space Station discover a rapidly evolving life form that caused extinction on Mars and now threatens all life on Earth.\r\n', 'Horror, Sci-Fi, Thriller', 6240, 'b207467d6a5951a6.jpg', 6.6, 2017, 0, 'English'),
(132, 'Molly\'s Game', 'The true story of Molly Bloom, an Olympic-class skier who ran the world\'s most exclusive high-stakes poker game and became an FBI target.\r\n', ' Biography, Crime, Drama', 7700, 'f4f2143342eb2286.jpg', 7.4, 2017, 0, 'English'),
(133, 'Phantom Thread', 'Set in 1950s London, Reynolds Woodcock is a renowned dressmaker whose fastidious life is disrupted by a young, strong-willed woman, Alma, who becomes his muse and lover.\r\n', ' Drama, Romance ', 7600, '905b097cd2d5cc32.jpg', 7.5, 2017, 0, 'English'),
(134, 'Pirates of the Caribbean: Dead Men Tell No Tales', 'Captain Jack Sparrow (Johnny Depp) searches for the trident of Poseidon while being pursued by an undead sea Captain and his crew.\r\n', 'Action, Adventure, Fantasy', 7540, '5e775047fddc7e9e.jpg', 6.6, 2017, 0, 'English'),
(135, 'Sleepless', 'A cop with a connection to the criminal underworld scours a nightclub in search of his kidnapped son.\r\n', ' Action, Crime, Thriller ', 5700, '31321039350546e2.jpg', 5.6, 2017, 0, 'English'),
(136, 'Spider-Man: Homecoming', 'Peter Parker balances his life as an ordinary high school student in Queens with his superhero alter-ego Spider-Man, and finds himself on the trail of a new menace prowling the skies of New York City.\r\n', ' Action, Adventure, Sci-Fi', 7720, 'dd97efe99d0687c6.jpg', 7.4, 2017, 0, 'English'),
(137, 'The 12th Man', 'They were 12 saboteurs. The Nazis killed 11 of them. This is the true story of the one who got away...\r\n', 'Drama, History, Thriller', 7900, '594dd43d4198b00d.jpg', 7.4, 2017, 0, 'English'),
(138, 'The Current War: Director\'s Cut', 'The dramatic story of the cutthroat race between electricity titans Thomas Edison and George Westinghouse to determine whose electrical system would power the modern world.\r\n', 'Biography, Drama, History ', 6120, 'd17ec4b2d2f6be37.jpg', 6.5, 2017, 0, 'English'),
(139, 'The Fate of the Furious', 'When a mysterious woman seduces Dominic Toretto into the world of terrorism and a betrayal of those closest to him, the crew face trials that will test them as never before.\r\n', ' Action, Adventure, Crime ', 7720, 'c972e9bddf547867.jpg', 6.7, 2017, 0, 'English'),
(140, 'The Lost City of Z', 'A true-life drama, centering on British explorer Major Percival Fawcett, who disappeared whilst searching for a mysterious city in the Amazon in the 1920s.\r\n', ' Biography, Drama, History', 7760, '4d1a2ddefdae93e1.jpg', 6.6, 2016, 0, 'English'),
(141, 'The Man with the Iron Heart ', 'As the German Fascists expand their borders, scorching Europe from end to end, two brave Czechs of the Resistance prepare for a suicide mission to assassinate Reinhard Heydrich, the hideous mastermind behind the \"Final Solution\".\r\n', ' Action, Biography, Thriller', 7000, '5dc07e54286cda1d.jpg', 6.4, 2017, 0, 'English'),
(142, 'Wildlands', 'Rusty Young, author of the best-selling novel Marching Powder, returns to Bolivia to uncover the brutal realities of the international cocaine trade.\r\n', ' Documentary', 5700, '3ada6c871c01390c.jpg', 7.5, 2017, 0, 'English'),
(143, 'Wonder', 'Based on the New York Times bestseller, this movie tells the incredibly inspiring and heartwarming story of August Pullman, a boy with facial differences who enters the fifth grade, attending a mainstream elementary school for the first time.\r\n', 'Drama, Family', 6580, 'ac5c73393fee3f60.jpg', 8.0, 2017, 0, 'English'),
(144, 'Don\'t Breathe', 'Hoping to walk away with a massive fortune, a trio of thieves break into the house of a blind man who isn\'t as helpless as he seems.\r\n', ' Crime, Horror, Thriller', 5280, 'e508616fef237ce2.jpg', 7.1, 2016, 0, 'English'),
(145, 'IT (2017)', 'In the summer of 1989, a group of bullied kids band together to destroy a shape-shifting monster, which disguises itself as a clown and preys on the children of Derry, their small Maine town.\r\n', 'Horror', 8100, '', 7.3, 2017, 0, 'English'),
(146, 'The Shawshank Redemption (1994)\r\n', 'Two imprisoned men bond over a number of years, finding solace and eventual redemption through acts of common decency.\r\n', ' Drama ', 8520, '3ad620d6cee8b5b0.jpg', 9.3, 1994, 0, 'English'),
(147, '2 Fast 2 Furious', 'Former cop Brian O\'Conner is called upon to bust a dangerous criminal and he recruits the help of a former childhood friend and street racer who has a chance to redeem himself.\r\n', 'Action, Crime, Thriller', 6452, '385e893db55977fb.jpg', 5.9, 2002, 0, 'English'),
(148, '96 (2018)', 'Two high school sweethearts meet at a reunion after 22 years and reminisce about their past over the course of an evening.\r\n', 'Action,Drama, Romance', 9512, '435521780b409ea1.jpg', 8.7, 2018, 0, 'Indian '),
(149, 'A-X-L(A X L) ', 'A.X.L. is a top-secret, robotic dog who develops a special friendship with Miles and will go to any length to protect his new companion.\r\n', ' Action, Adventure, Family', 5912, '6557741ccca44e9e.jpg', 5.3, 2018, 0, 'English'),
(150, 'A Sound of Thunder ', 'A single mistake in the past, by a time travel company in the future, has devastating and unforeseen consequences.\r\n', ' Action, Adventure, Horror', 6092, '6bcdd4d59e61d000.jpg', 4.2, 2005, 0, 'English'),
(151, 'Air Strike', 'During World War II, five different Chinese people fight their way through Japanese Air Force attacks to protect an important military machine in Chongqing, 1940.\r\n', ' Action, Adventure, Drama', 5852, 'fe5c868f928495e0.jpg', 3.2, 2018, 0, 'English'),
(152, 'Anacondas: The Hunt for the Blood Orchid', 'A scientific expedition sets out for Borneo to seek a flower called the Blood Orchid, which could grant longer life. Meanwhile, they run afoul of snakes and each other.\r\n', ' Action, Adventure, Horror', 5852, 'ba104096a68ba139.jpg', 4.7, 2004, 0, 'English'),
(153, 'Apocalypto', 'As the Mayan kingdom faces its decline, a young man is taken on a perilous journey to a world ruled by fear and oppression.\r\n', ' Action, Adventure, Drama', 8372, 'f2fe44800b5898e4.jpg', 7.8, 2006, 2, 'English'),
(154, 'Assassination Nation', 'After a malicious data hack exposes the secrets of the perpetually American town of Salem, chaos descents and four girls must fight to survive, while coping with the hack themselves.\r\n', 'Action, Comedy, Crime', 6512, '0390a3e835eef72e.jpg', 5.9, 2018, 0, 'English'),
(155, 'Avengers: Age of Ultron', 'When Tony Stark and Bruce Banner try to jump-start a dormant peacekeeping program called Ultron, things go horribly wrong and it\'s up to Earth\'s mightiest heroes to stop the villainous Ultron from enacting his terrible plan.\r\n', ' Action, Adventure, Sci-Fi', 8492, 'd4cbb1e7f479fe69.jpg', 7.3, 2015, 0, 'English'),
(156, 'Batman Begins', 'After training with his mentor, Batman begins his fight to free crime-ridden Gotham City from corruption.\r\n', 'Action, Adventure', 8492, 'a0100a98b805f013.jpg', 8.2, 2005, 1, 'English'),
(157, 'Batman Returns ', 'Batman returns to the big screen when a deformed man calling himself the Penguin wreaks havoc across Gotham with the help of a cruel businessman.\r\n', 'Action, Crime, Fantasy', 7570, 'fb92f771ecc09966.jpg', 7.0, 1992, 0, 'English'),
(158, 'Battle for Haditha', 'An investigation of the massacre of 24 men, women and children in Haditha, Iraq allegedly shot by 4 U.S. Marines in retaliation for the death of a U.S. Marine killed by a roadside bomb. The movie follows the story of the Marines of Kilo Company, an Iraqi family, and the insurgents who plant the roadside bomb.\r\n', 'Action, Drama, History, War', 5830, 'd044d74e7b070f8d.jpg', 7.0, 2007, 0, 'English'),
(159, 'Big Brother', 'A soldier-turned-high school teacher uses unusual methods to reach to a class of poor students, while dealing with a greedy entrepreneur and his gang of fighters as well as the government.\r\n', ' Action, Comedy, Drama', 6070, '96f7bad8a2cfb7a0.jpg', 6.3, 2018, 0, 'English'),
(160, 'Big Trouble in Little China ', 'A rough-and-tumble trucker helps rescue his friend\'s fiancée from an ancient sorcerer in a supernatural battle beneath Chinatown.\r\n', 'Action, Adventure, Comedy', 5950, '', 7.3, 1986, 0, 'English'),
(161, 'BuyBust', 'An anti-drug enforcement agency stages a massive drug bust in the slums of Manila.\r\n', 'Action, Thriller', 7630, 'c869905578cc16c3.jpg', 5.7, 2018, 0, 'English'),
(162, 'Captain America: The First Avenger', 'Steve Rogers, a rejected military soldier, transforms into Captain America after taking a dose of a \"Super-Soldier serum\". But being Captain America comes at a price as he attempts to take down a war monger and a terrorist organization.\r\n', ' Action, Adventure, Sci-Fi', 7630, '60fc7b82dadff720.jpg', 6.9, 2011, 0, 'English'),
(163, 'Captain Phillips', 'The true story of Captain Richard Phillips and the 2009 hijacking by Somali pirates of the U.S.-flagged MV Maersk Alabama, the first American cargo ship to be hijacked in two hundred years.\r\n', ' Biography, Crime, Drama, Action', 8050, 'a2a7e146e426c9bf.jpg', 7.8, 2013, 1, 'English'),
(164, 'Castle in the Sky', 'A young boy and a girl with a magic crystal must race against pirates and foreign agents in a search for a legendary floating castle.\r\n', ' Animation, Adventure, Drama', 7510, 'c84a9132a22df33c.jpg', 8.0, 1986, 0, 'Japan '),
(165, 'Cats', 'A tribe of cats called the Jellicles must decide yearly which one will ascend to the Heaviside Layer and come back to a new Jellicle life.\r\n', ' Comedy, Drama, Family', 6610, '304c8a5e7efba0ac.jpg', 2.7, 2019, 0, 'English'),
(166, 'Chinese Zodiac', 'A man searches the world for a set of mystic artifacts. The twelve bronze heads of the animals from the Chinese zodiac.\r\n', ' Action, Adventure, Comedy', 6610, 'de8957441ad94978.jpg', 6.1, 2012, 1, 'English'),
(167, 'City Hunter', 'A self-indulgent private investigator winds up on a cruise ship full of rich patrons, gorgeous women, murderous terrorists, and scarce food.\r\n', ' Action, Comedy, Crime', 6500, 'e145aab838d3e4ea.jpg', 6.5, 1993, 0, 'Chinese '),
(168, 'Death Proof', 'Two separate sets of voluptuous women are stalked at different times by a scarred stuntman who uses his \"death proof\" cars to execute his murderous plans.\r\n', ' Action, Thriller ', 6610, '4fb1f94b358b0b24.jpg', 7.0, 2007, 1, 'English'),
(169, 'Deep Blue Sea 2', 'A brilliant billionaire creates five genetically altered bull sharks, which proceed to wreak havoc for a group of scientists on an isolated research facility.\r\n', ' Action, Horror, Sci-Fi ', 5650, 'caeaea537ecb22dc.jpg', 3.3, 2018, 0, 'English'),
(170, 'Deep Blue Sea', 'Searching for a cure to Alzheimer\'s disease, a group of scientists on an isolated research facility become the prey, as a trio of intelligent sharks fight back.\r\n', ' Action, Adventure, Sci-F', 6310, 'e3a78e5474943753.jpg', 5.8, 1999, 0, 'English'),
(171, 'Emma.', 'In 1800s England, a well meaning but selfish young woman meddles in the love lives of her friends.\r\n', ' Comedy, Drama', 7450, 'c5f9de9019504fb8.jpg', 6.9, 2020, 1, 'English'),
(172, 'Fast & Furious', 'Brian O\'Conner, back working for the FBI in Los Angeles, teams up with Dominic Toretto to bring down a heroin importer by infiltrating his operation.\r\n', ' Action, Thriller', 6430, '72050a0477c798ca.jpg', 6.6, 2009, 0, 'English'),
(173, 'Fast Five', 'Dominic Toretto and his crew of street racers plan a massive heist to buy their freedom while in the sights of a powerful Brazilian drug lord and a dangerous federal agent.\r\n', ' Action, Adventure, Thriller', 7810, '09192aa504d33710.jpg', 7.3, 2011, 0, 'English'),
(174, 'Fearless', 'A biography of Chinese Martial Arts Master Huo Yuanjia, who is the founder and spiritual guru of the Jin Wu Sports Federation.\r\n', ' Action, Biography, Drama', 6250, '9a0bbdcf6002bad1.jpg', 7.6, 2006, 0, 'Chinese '),
(175, 'Flying Swords of Dragon Gate', 'Set three years after Dragon Inn, innkeeper Jade has disappeared and a new inn has risen from the ashes - one that\'s staffed by marauders masquerading as law-abiding citizens, who hope to unearth the fabled lost city buried in the desert.\r\n', ' Action, Adventure', 7330, '19056af9001ef5ca.jpg', 6.0, 2011, 0, 'Chinese '),
(176, 'Galveston', 'After escaping a set up, a dying hitman returns to his hometown of Galveston where he plans his revenge.\r\n', ' Action, Crime, Drama', 5470, 'ed48239bde07b8da.jpg', 6.2, 2018, 0, 'English'),
(177, 'Gladiator', 'A former Roman General sets out to exact vengeance against the corrupt emperor who murdered his family and sent him into slavery.\r\n', ' Action, Adventure, Drama', 9070, 'fd1c5cdbe294836f.jpg', 8.5, 2000, 2, 'English'),
(178, 'Godzilla', 'The world is beset by the appearance of monstrous creatures, but one of them may be the only one who can save humanity.\r\n', ' Action, Adventure, Sci-Fi', 7390, 'a16481ce2a19344a.jpg', 6.4, 2014, 0, 'English'),
(179, 'Golden Job', 'A group of mercenaries come together to pull of an epic heist.\r\n', ' Action, Adventure ', 6010, '48aba9cd2804a3c0.jpg', 5.7, 2018, 0, 'English'),
(180, 'Heaven and Earth', 'In 16th century Japan, two samurai engage in massive battles across the countryside; one attempting to conquer and the other attempting to defend his land while repressing his love for a woman after taking a vow of celibacy.\r\n', ' Action, Adventure, Drama', 7510, '52ab7692e5174aa4.jpg', 7.0, 1990, 0, 'Chinese '),
(181, 'Hot Shots!\r\n', 'A parody of Top Gun (1986) in which a talented but unstable fighter pilot must overcome the ghosts of his father and save a mission sabotaged by greedy weapons manufacturers.\r\n', 'Action, Comedy', 5050, '6829abbbb04a22ea.jpg', 6.8, 1991, 0, 'English'),
(182, 'Illang: The Wolf Brigade', 'Set in the distant future where both North and South Koreas agree to establish a joint government, which has been in preparation for a duration of 7 years, the plot focuses on political', ' Action, Sci-Fi ', 8500, 'e611355a5e83a898.jpg', 6.0, 2018, 0, 'Korean '),
(183, 'Immortals', 'Theseus is a mortal man chosen by Zeus to lead the fight against the ruthless King Hyperion, who is on a rampage across Greece to obtain a weapon that can destroy humanity.\r\n', ' Action, Drama, Fantasy', 6610, '728dca76dd79b792.jpg', 6.0, 2011, 0, 'English'),
(184, 'Inception ', 'A thief who steals corporate secrets through the use of dream-sharing technology is given the inverse task of planting an idea into the mind of a C.E.O.\r\n', ' Action, Adventure, Sci-Fi', 8890, '5de641e9d54200d4.jpg', 8.8, 2010, 1, 'English'),
(185, 'Incredibles 2', 'The Incredibles hero family takes on a new mission, which involves a change in family roles: Bob Parr (Mr Incredible) must manage the house while his wife Helen (Elastigirl) goes out to save the world.\r\n', ' Animation, Action, Adventure ', 7090, '2160f7480b269eea.jpg', 7.6, 2018, 0, 'English'),
(186, 'It\'s a Mad Mad Mad Mad World', 'A group of motorists hear about a crook\'s hidden stash of loot, and race against each other across the country to get to it.\r\n', ' Action, Adventure, Comedy', 12310, 'b3e9521c38210c4f.jpg', 7.5, 1963, 0, 'English'),
(187, 'Johnny English', 'After a sudden attack on MI5, Johnny English, Britain\'s most confident, yet unintelligent spy, becomes Britain\'s only spy.\r\n', 'Action, Adventure, Comedy', 5230, '3f21cf33d31c00ac.jpg', 6.2, 2004, 0, 'English'),
(188, 'Kung Fu Panda 3', 'Continuing his \"legendary adventures of awesomeness\", Po must face two hugely epic, but different threats: one supernatural and the other a little closer to home.\r\n', 'Animation, Action, Adventure', 5300, '91ecfb4e2147607c.jpg', 7.1, 2019, 0, 'English');
INSERT INTO `movies` (`id`, `name`, `description`, `type`, `duration`, `imageUrl`, `rating`, `year`, `downloads_number`, `language`) VALUES
(189, 'Looper', 'In 2074, when the mob wants to get rid of someone, the target is sent into the past, where a hired gun awaits - someone like Joe - who one day learns the mob wants to \'close the loop\' by sending back Joe\'s future self for assassination.\r\n', ' Action, Crime, Drama', 0, 'b60f9f0580513a86.jpg', 7.4, 2012, 0, 'English'),
(190, 'Mad Max 2: The Road Warrior', 'In the post-apocalyptic Australian wasteland, a cynical drifter agrees to help a small, gasoline rich community escape a horde of bandits.\r\n', ' Action, Adventure, Sci-Fi', 5792, '6a086871a87e7d0d.jpg', 7.6, 1981, 0, 'English'),
(191, 'Mad Max Beyond Thunderdome', 'After being exiled from the most advanced town in post apocalyptic Australia, a drifter travels with a group of abandoned children to rebel against the town\'s queen.\r\n', ' Action, Adventure, Sci-Fi', 6452, '9675cb35080315ae.jpg', 6.3, 1985, 0, 'English'),
(192, 'Mad Max: Fury Road ', 'In a post-apocalyptic wasteland, a woman rebels against a tyrannical ruler in search for her homeland with the aid of a group of female prisoners, a psychotic worshiper, and a drifter named Max.\r\n', ' Action, Adventure, Sci-Fi', 7200, '296f48665810cdb7.jpg', 8.1, 2015, 0, 'English'),
(193, 'Maleficent', 'A vengeful fairy is driven to curse an infant princess, only to discover that the child may be the one person who can restore peace to their troubled land.\r\n', ' Action, Adventure, Family ', 5852, 'dd922deeb1f90ffa.jpg', 7.0, 2014, 0, 'English'),
(194, 'Man of Steel', 'An alien child is evacuated from his dying world and sent to Earth to live among humans. His peace is threatened, when survivors of his home planet invade Earth.\r\n', 'Action, Adventure, Sci-Fi', 8612, 'c544ce55fd8f43fd.jpg', 7.1, 2013, 0, 'English'),
(195, 'Master Z: The Ip Man Legacy', 'While keeping a low profile after his defeat by Ip Man, Cheung Tin Chi gets into trouble after getting in a fight with a powerful foreigner.\r\n', ' Action, Biography, Crime', 6452, 'e00ed202007c98f7.jpg', 6.5, 2018, 0, 'Chinese'),
(196, 'Maze Runner: The Scorch Trials', 'After having escaped the Maze, the Gladers now face a new set of challenges on the open roads of a desolate landscape filled with unimaginable obstacles.\r\n', ' Action, Adventure, Sci-Fi', 7892, 'aa4ece5e948fbe78.jpg', 6.3, 2015, 0, 'English'),
(197, 'Merantau ', 'A young man from the countryside uses his skills in silat martial arts to survive the slave trade.\r\n', 'Action, Drama', 8072, '36bd31014aba706d.jpg', 6.7, 2009, 0, 'English'),
(198, 'Midway ', 'The story of the Battle of Midway, told by the leaders and the sailors who fought it.\r\n', 'Action, Drama, History', 8072, '76415271703c6b0d.jpg', 6.7, 2019, 0, 'English'),
(199, 'Monster Hunt ', 'Human and monsters have lived in their separate worlds, but after the birth of Wuba, the last of the monster kings, begins the adventure to bring the two races together.\r\n', 'Adventure, Comedy, Fantasy', 7052, 'd794d99d27930b64.jpg', 6.1, 2015, 0, 'English'),
(200, 'Ne Zha', 'Born with unique powers, a boy is recruited to fight demons and save the community that fears him.\r\n', 'Animation, Action, Adventure', 6632, '4a86360f2bd0f4c9.jpg', 7.5, 2019, 0, 'English'),
(201, 'Ninja: Shadow of a Tear', 'Ninjitsu master Casey is back and out for revenge when his pregnant wife is murdered.\r\n', 'Action, Crime, Thriller', 5732, '5101e4b7330cf295.jpg', 6.2, 2013, 0, 'English'),
(202, 'Oldboy', 'After being kidnapped and imprisoned for fifteen years, Oh Dae-Su is released, only to find that he must find his captor in five days.\r\n', ' Action, Drama, Mystery ', 7232, 'a7040743414c3941.jpg', 8.4, 2003, 1, 'Korean '),
(203, 'Onward', 'Set in a suburban fantasy world, two teenage elf brothers embark on a quest to discover if there is still magic out there.\r\n', ' Animation, Adventure, Comedy', 9752, '6cd18a498c8a06e9.jpg', 7.5, 2020, 2, 'English'),
(204, 'Pacific Rim', 'As a war between humankind and monstrous sea creatures wages on, a former pilot and a trainee are paired up to drive a seemingly obsolete special weapon in a desperate effort to save the world from the apocalypse.\r\n', ' Action, Adventure, Sci-Fi ', 7892, 'dddfa5f78e5839d7.jpg', 6.9, 2013, 1, 'English'),
(205, 'Peppermint ', 'Five years after her husband and daughter are killed in a senseless act of violence, a woman comes back from self-imposed exile to seek revenge against those responsible and the system that let them go free.\r\n', 'Action, Drama, Thriller', 6092, 'c93588c0df12a187.jpg', 6.5, 2018, 0, 'English'),
(206, 'Pitch Black', 'A commercial transport ship and its crew are marooned on a planet full of bloodthirsty creatures that only come out to feast at night. But then, they learn that a month-long eclipse is about to occur.\r\n', ' Horror, Sci-Fi', 6572, '1d3658b2e9bcff06.jpg', 7.1, 2000, 0, 'English'),
(207, 'Planet Terror', 'After an experimental bio-weapon is released, turning thousands into zombie-like creatures, it\'s up to a rag-tag group of survivors to stop the infected and those behind its release.\r\n', ' Action, Comedy, Horror', 6572, '73721baaaa9ce3bd.jpg', 7.1, 2007, 0, 'English'),
(208, 'Predator', 'A team of commandos on a mission in a Central American jungle find themselves hunted by an extraterrestrial warrior.\r\n', 'Action, Adventure, Sci-Fi', 6572, 'ae61342b6c7454ca.jpg', 7.8, 1987, 0, 'English'),
(209, 'Terminator 3: Rise of the Machines', 'A machine from a post-apocalyptic future travels back in time to protect a man and a woman from an advanced robotic assassin to ensure they both survive a nuclear attack.\r\n', 'Action, Sci-Fi', 6572, 'e47dcfb48f0fa96a.jpg', 6.3, 2003, 0, 'English'),
(210, 'The Avengers', 'Earth\'s mightiest heroes must come together and learn to fight as a team if they are going to stop the mischievous Loki and his alien army from enslaving humanity.\r\n', 'Action, Adventure, Sci-Fi ', 8580, '99e002f5b3b77954.jpg', 8.0, 2012, 0, 'English'),
(211, 'The Bourne Identity', 'A man is picked up by a fishing boat, bullet-riddled and suffering from amnesia, before racing to elude assassins and attempting to regain his memory.\r\n', 'Action, Mystery, Thriller', 7140, '2ef5f3ac334f6fd4.jpg', 7.9, 2002, 0, 'English'),
(212, 'The Bourne Legacy', 'An expansion of the universe from Robert Ludlum\'s novels, centered on a new hero whose stakes have been triggered by the events of the previous three films.\r\n', 'Action, Adventure, Thriller', 8100, '1cd031a4173b3149.jpg', 6.7, 2012, 0, 'English'),
(213, 'The Chronicles of Riddick', 'The wanted criminal Richard Bruno Riddick (Vin Diesel) arrives on a planet called Helion Prime and finds himself up against an invading empire called the Necromongers, an army that plans to convert or kill all humans in the universe.\r\n', 'Action, Adventure, Sci-Fi ', 7140, 'f153d48578862fd4.jpg', 6.7, 2004, 0, 'English'),
(214, 'The Dark Knight', 'When the menace known as the Joker wreaks havoc and chaos on the people of Gotham, Batman must accept one of the greatest psychological and physical tests of his ability to fight injustice.\r\n', 'Action, Crime, Drama', 9120, '00b6c1c0d4837a92.jpg', 9.0, 2008, 0, 'English'),
(215, 'The Dark Knight Rises', 'Eight years after the Joker\'s reign of anarchy, Batman, with the help of the enigmatic Catwoman, is forced from his exile to save Gotham City from the brutal guerrilla terrorist Bane.\r\n', ' Action, Adventure', 9840, '35641f938c26241b.jpg', 8.4, 2012, 0, 'English'),
(216, 'The Equalizer 2', 'Robert McCall serves an unflinching justice for the exploited and oppressed, but how far will he go when that is someone he loves?\r\n', ' Action, Crime, Thriller', 7200, '6d3cf839a95e224e.jpg', 6.7, 2018, 0, 'English'),
(217, 'The Equalizer', 'A man believes he has put his mysterious past behind him and has dedicated himself to beginning a new, quiet life, before he meets a young girl under the control of ultra-violent Russian gangsters and can\'t stand idly by.\r\n', ' Action, Crime, Thriller ', 7920, '737bcdd7068e5724.jpg', 7.6, 2014, 0, 'English'),
(218, 'The Expendables 2', 'Mr. Church reunites the Expendables for what should be an easy paycheck, but when one of their men is murdered on the job, their quest for revenge puts them deep in enemy territory and up against an unexpected threat.\r\n', ' Action, Adventure, Thriller ', 6180, '4b62273b395df8f3.jpg', 6.6, 2012, 0, 'English'),
(219, 'The Expendables 3', 'Barney augments his team with new blood for a personal battle: to take down Conrad Stonebanks, the Expendables co-founder and notorious arms trader who is hell bent on wiping out Barney and every single one of his associates.\r\n', 'Action, Adventure, Thriller', 7560, '4ec45d3c49de6f3c.jpg', 6.1, 2014, 0, 'English'),
(220, 'The Expendables', 'A CIA operative hires a team of mercenaries to eliminate a Latin dictator and a renegade CIA agent.\r\n', 'Action, Adventure, Thriller', 6180, 'ab2bba8155c5b9a2.jpg', 6.5, 2010, 0, 'English'),
(221, 'The Fast and the Furious', 'Los Angeles police officer Brian O\'Conner must decide where his loyalty really lies when he becomes enamored with the street racing world he has been sent undercover to destroy.\r\n', ' Action, Crime, Thriller ', 6360, 'c6fa00d865aa7327.jpg', 6.8, 2001, 0, 'English'),
(222, 'The Happytime Murders', 'When the puppet cast of a \'90s children\'s TV show begin to get murdered one by one, a disgraced LAPD detective-turned-private eye puppet takes on the case.\r\n', ' Action, Comedy, Crime', 5492, 'f0253fd8a2bdabf2.jpg', 5.4, 2018, 0, 'English'),
(223, 'The Hunt', 'Twelve strangers wake up in a clearing. They don\'t know where they are, or how they got there. They don\'t know they\'ve been chosen - for a very specific purpose - The Hunt.\r\n', 'Action, Horror, Thriller', 5492, '6407f8da8d088815.jpg', 6.4, 2020, 0, 'English'),
(224, 'The Incredibles', 'A family of undercover superheroes, while trying to live the quiet suburban life, are forced into action to save the world.\r\n', 'Animation, Action, Adventure ', 6932, '86ff6ec334de4f1b.jpg', 8.0, 2004, 0, 'English'),
(225, 'The Invisible Man', 'When Cecilia\'s abusive ex takes his own life and leaves her his fortune, she suspects his death was a hoax. As a series of coincidences turn lethal, Cecilia works to prove that she is being hunted by someone nobody can see.\r\n', ' Horror, Mystery, Sci-Fi ', 7472, 'ddb64b44c7d8074f.jpg', 7.3, 2020, 3, 'English'),
(226, 'The Lego Batman Movie', 'A cooler-than-ever Bruce Wayne must deal with the usual suspects as they plan to rule Gotham City, while discovering that he has accidentally adopted a teenage orphan who wishes to become his sidekick.\r\n', ' Animation, Action, Comedy', 6272, '9c1b5de65b72a95d.jpg', 7.3, 2017, 0, 'English'),
(227, 'The Lord of the Rings: The Return of the King', 'Gandalf and Aragorn lead the World of Men against Sauron\'s army to draw his gaze from Frodo and Sam as they approach Mount Doom with the One Ring.\r\n', ' Adventure, Drama, Fantasy ', 12092, '7c13d3f3f0f60e0a.jpg', 8.9, 2003, 0, 'English'),
(228, 'The Maze Runner', 'Thomas is deposited in a community of boys after his memory is erased, soon learning they\'re all trapped in a maze that will require him to join forces with fellow \"runners\" for a shot at escape.\r\n', ' Action, Mystery, Sci-Fi ', 6812, 'c339aaeb362e4057.jpg', 6.8, 2014, 0, 'English'),
(229, 'The Night Comes for Us', 'Ito (Joe Taslim), a gangland enforcer, caught amidst a treacherous and violent insurrection within his Triad crime family upon his return home from a stint abroad.\r\n', 'Action, Thriller', 7260, '196453d35184b07c.jpg', 7.0, 2018, 0, 'INDONESIAN '),
(230, 'The Predator', 'When a young boy accidentally triggers the universe\'s most lethal hunters\' return to Earth, only a ragtag crew of ex-soldiers and a disgruntled scientist can prevent the end of the human race.\r\n', ' Action, Adventure, Sci-Fi', 6452, '054da4d0de30a1b5.jpg', 5.4, 2018, 0, 'English'),
(231, 'Underworld: Rise of the Lycans', 'An origins story centered on the centuries-old feud between the race of aristocratic vampires and their onetime slaves, the Lycans.\r\n', ' Action, Adventure, Fantasy ', 5552, 'ce5be90798b0dde4.jpg', 6.6, 2009, 0, 'English'),
(232, 'Along With the Gods: The Last 49 Days', 'In the afterlife, one guardian helps a man through his trials, while his two colleagues help a former guardian on earth.\r\n', 'Action, Drama, Fantasy', 8552, 'c37c0373436fd4fc.jpg', 7.1, 2018, 0, 'English'),
(233, 'American Soldiers', 'A group of U.S. soldiers defy their country when they release mistreated prisoners.\r\n', ' Action, Drama, History ', 6212, '26519c38d381cc0f.jpg', 3.3, 2005, 0, 'English'),
(234, 'Blade', 'A half-vampire, half-mortal man becomes a protector of the mortal race, while slaying evil vampires.\r\n', ' Action, Horror, Sci-Fi', 7200, '81f9dc868a9486bc.jpg', 7.1, 1998, 0, 'English'),
(235, 'Blade II', 'Blade forms an uneasy alliance with the vampire council in order to combat the Reapers, who are feeding on vampires.\r\n', ' Action, Horror, Sci-Fi', 7120, '4b557d310bffda76.jpg', 6.7, 2002, 0, 'English'),
(236, 'Central Intelligence', 'After he reconnects with an awkward pal from high school through Facebook, a mild-mannered accountant is lured into the world of international espionage.\r\n', 'Action, Comedy, Crime ', 6452, '019413843a81cc72.jpg', 6.3, 2016, 0, 'English'),
(237, 'Enter the Warriors Gate', 'A teenager is magically transported to China and learns to convert his video game skills into those of a Kung Fu warrior.\r\n', 'Action, Adventure, Comedy ', 6452, 'ccb4fbaabe43443e.jpg', 5.4, 2016, 0, 'English'),
(238, 'Equilibrium', 'In an oppressive future where all forms of feeling are illegal, a man in charge of enforcing the law rises to overthrow the system and state.\r\n', ' Action, Drama, Sci-Fi ', 6452, '8b6ea241919d592a.jpg', 7.4, 2002, 0, 'English'),
(239, 'Fast & Furious 6', 'Hobbs has Dominic and Brian reassemble their crew to take down a team of mercenaries: Dominic unexpectedly gets sidetracked with facing his presumed deceased girlfriend, Letty.\r\n', ' Action, Adventure, Thriller ', 7800, '938429267daddfa0.jpg', 7.1, 2013, 0, 'English'),
(240, 'Furious 7', 'Deckard Shaw seeks revenge against Dominic Toretto and his family for his comatose brother.\r\n', ' Action, Adventure, Thriller', 8120, '996f83b80e51d9f0.jpg', 7.2, 2015, 0, 'English'),
(241, 'Hot Shots! Part Deux', '\"Rambo\" parody in which Topper Harley leads a rescue team into Iraq to save Iraqi war prisoners and all of their previous rescue teams.\r\n', 'Action, Comedy ', 5192, '8305e109136975ae.jpg', 6.6, 1993, 0, 'English'),
(242, 'Jason Bourne', 'The CIA\'s most dangerous former operative is drawn out of hiding to uncover more explosive truths about his past.\r\n', ' Action, Thriller ', 7380, '5920fa258c8c3922.jpg', 6.6, 2016, 0, 'English'),
(243, 'John Wick', 'An ex-hit-man comes out of retirement to track down the gangsters that killed his dog and took everything from him.\r\n', 'Action, Crime, Thriller ', 6092, '67bd7b82495e5e52.jpg', 7.4, 2014, 0, 'English'),
(244, 'Johnny English Strikes Again', 'After a cyber-attack reveals the identity of all of the active undercover agents in Britain, Johnny English (Rowan Atkinson) is forced to come out of retirement to find the mastermind hacker.\r\n', 'Action, Adventure, Comedy', 5372, '', 6.2, 2018, 0, 'English'),
(245, 'Kin', 'Chased by a vengeful criminal, the feds and a gang of otherworldly soldiers, a recently released ex-con, and his adopted teenage brother are forced to go on the run with a weapon of mysterious origin as their only protection.\r\n', ' Action, Crime, Drama', 6152, 'e5a2a018599e7340.jpg', 5.8, 2018, 0, 'English'),
(246, 'Lion of the Desert', 'In 1929, Italian Fascist dictator Benito Mussolini appoints General Rodolfo Graziani as colonial governor to Italian Libya with orders to stamp-out all resistance from Libyan nationalists led by rebel guerrilla leader Omar Mukhtar.\r\n', 'Biography, Drama, History', 10000, 'c31d0be9e27d6854.jpg', 8.4, 1980, 0, 'English'),
(247, 'Mandy', 'The enchanted lives of a couple in a secluded forest are brutally shattered by a nightmarish hippie cult and their demon-biker henchmen, propelling a man into a spiraling, surreal rampage of vengeance.\r\n', ' Action, Fantasy, Horror', 7260, 'fc6a116bec61aa8a.jpg', 6.6, 2018, 0, 'English'),
(248, 'Munich', 'Based on the true story of the Black September aftermath, about the five men chosen to eliminate the ones responsible for that fateful day.\r\n', ' Action, Drama, History', 9840, '293a4677da0da19b.jpg', 7.5, 2005, 0, 'English'),
(249, 'Non-Stop', 'An air marshal springs into action during a transatlantic flight after receiving a series of text messages demanding $150 million into an off-shore account, or someone will die every 20 minutes.\r\n', 'Action, Mystery, Thriller', 0, '62fef161789d2a65.jpg', 6.9, 2014, 0, 'English'),
(250, 'Outlaw King', 'A true David vs. Goliath story of how the 14th century Scottish \'Outlaw King\' Robert the Bruce used cunning and bravery to defeat the much larger and better equipped occupying English army.\r\n', ' Action, Biography, Drama ', 7260, 'b145c26efefba4b1.jpg', 6.9, 2018, 0, 'English'),
(251, 'Pickings ', 'When a short-tempered mobster and his gang of thugs try to shake down a neighborhood bar, they\'re soon confronted with the wrath of its owner - a mysterious southern mother with a dangerous past.\r\n ', 'Action, Crime, Drama', 6240, 'dbc85d577da6fff9.jpg', 5.2, 2018, 0, 'English'),
(252, 'Predator 2', 'Amidst a territorial gang war in 1997, a sophisticated alien hunter stalks the citizens of Los Angeles and the only man between him and his prey is veteran L.A.P.D. officer, Lieutenant Mike Harrigan.\r\n', 'Action, Horror, Sci-Fi ', 6240, '4d11607c7a290887.jpg', 6.3, 1990, 0, 'English'),
(253, 'Predators ', 'A group of elite warriors parachute into an unfamiliar jungle and are hunted by members of a merciless alien race.\r\n', 'Action, Adventure, Sci-Fi ', 6240, '424eed0bf0aab95f.jpg', 6.4, 2010, 0, 'English'),
(254, 'Psycho-Pass: The Movie', 'In this sequel to Psycho-Pass TV show, Inspector Tsunemori is sent to a neighboring war-torn nation, where the Sibyl System is being introduced as an experiment, to find Shinya Kogami, her former enforcer who went rogue three years ago.\r\n', 'Animation, Action, Crime', 7200, 'fe0ea0d85859b278.jpg', 7.2, 2015, 0, 'English'),
(255, 'Reprisal ', 'A bank manager haunted by a violent heist that took the life of a coworker teams up with his ex-cop neighbor to bring down the assailant, initiating an explosive counterattack that brings all three men to the breaking point.\r\n', 'Action, Crime, Thriller ', 5340, 'b8ee03f77ec7b7d3.jpg', 4.2, 2018, 0, 'English'),
(256, 'Riddick ', 'Left for dead on a sun-scorched planet, Riddick finds himself up against an alien race of predators. Activating an emergency beacon alerts two ships: one carrying a new breed of mercenary, the other captained by a man from Riddick\'s past.\r\n', 'Action, Adventure, Sci-Fi', 7200, 'bad3e2aba771daa4.jpg', 6.4, 2013, 0, 'English'),
(257, 'Rumble Fish', 'Rusty James, an absent-minded street thug struggles to live up to his legendary older brother\'s reputation, and longs for the days when gang warfare was going on.\r\n', ' Crime, Drama, Romance', 5340, '9c6b8e526ae87e28.jpg', 7.2, 1983, 0, 'English'),
(259, 'Rush ', 'The merciless 1970s rivalry between Formula One rivals James Hunt and Niki Lauda.\r\n', ' Biography, Drama, Sport ', 7380, '01ea0384c448293b.jpg', 8.1, 2013, 0, 'English'),
(260, 'Rush Hour 2', 'Carter and Lee head to Hong Kong for a vacation, but become embroiled in a counterfeit money scam.\r\n', ' Action, Comedy, Crime ', 5340, 'd08714668af0bb81.jpg', 6.6, 2001, 0, 'English'),
(261, 'Rush Hour', 'A loyal and dedicated Hong Kong Inspector teams up with a reckless and loudmouthed L.A.P.D. detective to rescue the Chinese Consul\'s kidnapped daughter, while trying to arrest a dangerous crime lord along the way.\r\n', 'Action, Comedy, Crime', 5940, '3b8f5acf4b2bbf34.jpg', 7.0, 1998, 0, 'English'),
(262, 'Serenity ', 'The crew of the ship Serenity try to evade an assassin sent to recapture one of their members who is telepathic.\r\n', 'Action, Adventure, Sci-Fi', 7200, 'a9582f3edcc545e8.jpg', 7.8, 2005, 0, 'English'),
(263, 'Sin City', 'A movie that explores the dark and miserable town, Basin City, and tells the story of three different people, all caught up in violent corruption.\r\n', ' Crime, Thriller', 7400, 'ddc4de7a351d7acc.jpg', 8.0, 2005, 0, 'English'),
(264, 'Starman ', 'An alien takes the form of a young widow\'s husband and asks her to drive him from Wisconsin to Arizona. The government tries to stop them.\r\n', ' Romance, Sci-Fi ', 7000, 'db3020e8c4557140.jpg', 7.0, 1984, 0, 'English'),
(265, 'Tai-Chi Master', 'Two friends, ex Shaolin monks, part ways as they brush with the ongoing rebellion against the government. The ambitious one rises up to be a powerful military commander, while his betrayed friend resorts to learn the calm ways of Tai Chi.\r\n', 'Action, Comedy, Drama ', 5760, '034ef4fd50d9b37c.jpg', 7.2, 1993, 0, 'English'),
(266, 'Terminator Salvation', 'In 2018, a mysterious new weapon in the war against the machines, half-human and half-machine, comes to John Connor on the eve of a resistance attack on Skynet. But whose side is he on, and can he be trusted?\r\n', ' Action, Sci-Fi ', 6900, 'c96c6e074bb3a959.jpg', 6.5, 2009, 0, 'English'),
(267, 'The 39 Steps ', 'A man in London tries to help a counter-espionage Agent. But when the Agent is killed, and the man stands accused, he must go on the run to save himself and stop a spy ring which is trying to steal top secret information.\r\n', ' Film-Noir, Mystery, Thriller', 5192, '40e4e351e9135e28.jpg', 7.7, 1935, 0, 'English'),
(268, 'The Bourne Supremacy', 'When Jason Bourne is framed for a CIA operation gone awry, he is forced to resume his former life as a trained assassin to survive.\r\n', 'Action, Mystery, Thriller', 6512, '86e08833b7375149.jpg', 7.7, 2004, 0, 'English'),
(269, 'The Bourne Ultimatum', 'Jason Bourne dodges a ruthless C.I.A. official and his Agents from a new assassination program while searching for the origins of his life as a trained killer.\r\n', ' Action, Mystery, Thriller ', 6932, '7f3d1ebfff1a5962.jpg', 8.0, 2007, 0, 'English'),
(270, 'The Fast and the Furious: Tokyo Drift', 'A teenager becomes a major competitor in the world of drift racing after moving in with his father in Tokyo to avoid a jail sentence in America.\r\n', ' Action, Crime, Thriller ', 6272, '05520b9ded586367.jpg', 6.0, 2006, 0, 'English'),
(271, 'The Heat', 'An uptight FBI Special Agent is paired with a foul-mouthed Boston cop to take down a ruthless drug lord.\r\n', ' Action, Comedy, Crime', 7052, '8cf663d048fbd3d2.jpg', 6.6, 2013, 0, 'English'),
(272, 'The Nice Guys', 'In 1970s Los Angeles, a mismatched pair of private eyes investigate a missing girl and the mysterious death of a porn star.\r\n', ' Action, Comedy, Crime', 7052, 'dacd923943d156b2.jpg', 7.4, 2016, 0, 'English'),
(273, 'The Raid 2', 'Only a short time after the first raid, Rama goes undercover with the thugs of Jakarta and plans to bring down the syndicate and uncover the corruption within his police force.\r\n', ' Action, Crime, Thriller ', 9032, 'e96b58c17ad5ad62.jpg', 8.0, 2014, 0, 'INDONESIAN'),
(274, '\r\nThe Raid: Redemption', 'A S.W.A.T. team becomes trapped in a tenement run by a ruthless mobster and his army of killers and thugs.\r\n', ' Action, Thriller ', 6092, '2041a7a0afafcbaf.jpg', 7.6, 2011, 0, 'Indonesian '),
(275, 'The Spy Who Dumped Me', 'Audrey and Morgan are best friends who unwittingly become entangled in an international conspiracy when one of the women discovers the boyfriend who dumped her was actually a spy.\r\n', 'Action, Adventure, Comedy', 7020, '13014e2038044cd2.jpg', 6.0, 2018, 0, 'English'),
(276, 'The Twilight Samurai', 'As the feudal Japan era draws to a close, a widower samurai experiences difficulty balancing clan loyalties, 2 young daughters, an aged mother, and the sudden reappearance of his childhood sweetheart.\r\n', ' Drama, History, Romance', 7400, '4023ca4a5d14888f.jpg', 8.1, 2002, 0, 'Japanese '),
(277, 'The Villainess', 'A female assassin leaves a trail of bodies behind her as she seeks revenge.\r\n', ' Action, Adventure, Crime ', 7260, 'be0f4cb45ed5178d.jpg', 6.7, 2017, 0, 'Korean '),
(278, 'Thor ', 'The powerful but arrogant god Thor is cast out of Asgard to live amongst humans in Midgard (Earth), where he soon becomes one of their finest defenders.\r\n', ' Action, Adventure, Fantasy', 7000, '84bfdc2abc51ae45.jpg', 7.0, 2011, 0, 'English'),
(279, 'Thor: The Dark World', 'When the Dark Elves attempt to plunge the universe into darkness, Thor must embark on a perilous and personal journey that will reunite him with doctor Jane Foster.\r\n', ' Action, Adventure, Fantasy ', 6800, '495df0f2d35e2e3c.jpg', 6.9, 2013, 0, 'English'),
(281, 'Transformers Age of Extinction', 'When humanity allies with a bounty hunter in pursuit of Optimus Prime, the Autobots turn to a mechanic and his family for help.\r\n', ' Action, Adventure, Sci-Fi ', 0, '696f9598f1908029.jpg', 5.6, 2014, 0, 'English'),
(282, 'Transformers: Dark of the Moon', 'The Autobots learn of a Cybertronian spacecraft hidden on the moon, and race against the Decepticons to reach it and to learn its secrets.\r\n', ' Action, Adventure, Sci-Fi ', 9272, 'ddeea4c7055053bc.jpg', 6.2, 2011, 0, 'English'),
(283, 'Tremors: A Cold Day in Hell', 'The new sequel finds Burt Gummer, who\'s dying from Graboid poison, and his son Travis at a remote research station in Canada\'s Nunavut Territory, where they must go up against a new batch of Graboids to save Burt\'s life.\r\n', ' Action, Adventure, Comedy ', 5912, '1b93bd388b27937b.jpg', 5.0, 2018, 0, 'English'),
(284, 'Underworld ', 'Selene, a vampire warrior, is entrenched in a conflict between vampires and werewolves, while falling in love with Michael, a human who is sought by werewolves for unknown reasons.\r\n', ' Action, Fantasy, Thriller', 7260, '222f9c9a8af4a32f.jpg', 7.0, 2003, 0, 'English'),
(285, 'Underworld Awakening', 'When human forces discover the existence of the Vampire and Lycan clans, a war to eradicate both species commences. The vampire warrior Selene leads the battle against humankind.\r\n', ' Action, Drama, Fantasy', 5312, 'beff7d4e6b0e3829.jpg', 6.4, 2012, 0, 'English'),
(286, 'Underworld: Evolution', 'Picking up directly from the previous movie, vampire warrior Selene and the half werewolf Michael hunt for clues to reveal the history of their races and the war between them.\r\n', ' Action, Fantasy, Sci-Fi ', 6392, 'a7437511caebde40.jpg', 6.7, 2006, 0, 'English'),
(287, 'Undisputed ', 'When heavyweight champion George \"Iceman\" Chambers lands in prison, the resident gangster arranges a boxing match with the reigning prison champ.\r\n', ' Action, Crime, Drama', 5672, 'd805117a609f1cda.jpg', 6.2, 2002, 0, 'English'),
(288, 'Vampire Academy', 'Rose Hathaway is a Dhampir, half human-half vampire, a guardian of the Moroi, peaceful, mortal vampires living discreetly within our world. Her calling is to protect the Moroi from bloodthirsty, immortal Vampires, the Strigoi.\r\n', ' Action, Comedy, Drama', 6272, 'b9e8d124c268124a.jpg', 5.5, 2014, 0, 'English'),
(289, 'Zulu ', 'Outnumbered British soldiers do battle with Zulu warriors at Rorke\'s Drift.\r\n', ' Drama, History, War', 8312, '2896191a9288c923.jpg', 7.7, 1964, 0, 'English'),
(290, 'Bad Boys for Life', 'The Bad Boys Mike Lowrey and Marcus Burnett are back together for one last ride in the highly anticipated Bad Boys for Life.\r\n', ' Action, Comedy, Crime', 7440, '7e949f100c45454f.jpg', 7.1, 2020, 3, 'English'),
(291, 'Coach Carter', 'Controversy surrounds high school basketball coach Ken Carter after he benches his entire team for breaking their academic contract with him.\r\n', ' Biography, Drama, Sport ', 0, '7682e8cea126c1ac.jpg', 7.3, 2005, 0, 'English'),
(292, 'Sunshine ', 'A team of international astronauts are sent on a dangerous mission to reignite the dying Sun with a nuclear fission bomb in 2057.\r\n', ' Sci-Fi, Thriller', 6500, '6bdada786274f6e5.jpg', 7.2, 2007, 0, 'English'),
(293, 'The Platform', 'A vertical prison with one cell per level. Two people per cell. One only food platform and two minutes per day to feed from up to down. An endless nightmare trapped in The Hole.\r\n', ' Horror, Sci-Fi, Thriller ', 6500, '7defda6e3eb7e3a1.jpg', 7.0, 2020, 4, 'Spanish '),
(294, 'Underwater', 'A crew of oceanic researchers working for a deep sea drilling company try to get to safety after a mysterious earthquake devastates their deepwater research and drilling facility located at the bottom of the Mariana Trench.\r\n', ' Action, Drama, Horror ', 6500, '6eeeb9f4fe82a9d0.jpg', 6.0, 2020, 3, 'English'),
(295, '13 Hours', 'During an attack on a U.S. compound in Libya, a security team struggles to make sense out of the chaos.\r\n', ' Action, Drama, History ', 9272, '3f195827f7c1bf81.jpg', 7.3, 2016, 0, 'English'),
(296, '21 Jump Street', 'A pair of underachieving cops are sent back to a local high school to blend in and bring down a synthetic drug ring.\r\n', ' Action, Comedy, Crime', 6572, '72b790665a8f7c20.jpg', 7.2, 2012, 0, 'English'),
(297, '\r\n22 Jump Street', 'After making their way through high school (twice), big changes are in store for officers Schmidt and Jenko when they go deep undercover at a local college.\r\n', ' Action, Comedy, Crime', 6572, '', 7.0, 2014, 0, 'English'),
(298, 'A Good Day to Die Hard', 'John McClane travels to Russia to help out his seemingly wayward son, Jack, only to discover that Jack is a CIA operative working undercover, causing the father and son to team up against underworld forces.\r\n', ' Action, Thriller ', 5912, '6d3e75aa615d23ae.jpg', 5.3, 2013, 0, 'English'),
(299, 'American Sniper', 'Navy S.E.A.L. sniper Chris Kyle\'s (Bradley Cooper\'s) pinpoint accuracy saves countless lives on the battlefield and turns him into a legend. Back home to his wife and kids after four tours of duty, however, Chris finds that it is the war he can\'t leave behind.\r\n', ' Action, Biography, Drama ', 8012, 'b8e91a04faaca0ed.jpg', 7.3, 2014, 0, 'English'),
(300, 'Avatar ', 'A paraplegic Marine dispatched to the moon Pandora on a unique mission becomes torn between following his orders and protecting the world he feels is his home.\r\n', ' Action, Adventure, Fantasy', 9752, '82ef0eff64e64ce2.jpg', 7.8, 2009, 0, 'English'),
(301, '\r\nBabylon A.D.', 'Veteran-turned-mercenary Toorop takes the high-risk job of escorting a woman from Russia to America. Little does he know that she is host to an organism that a cult wants to harvest in order to produce a genetically modified Messiah.\r\n', ' Action, Adventure, Sci-Fi', 5432, 'fa608f9102de05fd.jpg', 5.6, 2008, 0, 'English'),
(302, 'Bad Boys', 'Two hip detectives protect a witness to a murder while investigating a case of stolen heroin from the evidence storage room from their police precinct.\r\n', ' Action, Comedy, Crime ', 7172, '96ce07787d25cca0.jpg', 6.9, 1995, 1, 'English'),
(303, 'Bad Boys II', 'Two loose-cannon narcotics cops investigate the flow of Ecstasy into Florida from a Cuban drug cartel.\r\n', ' Action, Comedy, Crime', 8852, '71134fff145f7a56.jpg', 6.6, 2003, 0, 'English'),
(304, 'Bloodshot ', 'Ray Garrison, a slain soldier, is re-animated with superpowers.\r\n', ' Action, Drama, Sci-Fi ', 6572, '55ed6b32c469ae86.jpg', 5.7, 2020, 3, 'English'),
(305, 'Crimson Rivers 2: Angels of the Apocalypse', 'Pierre Niemans faces the threat of the apocalypse while investigating a series of ritual murders.\r\n', ' Action, Crime, Horror ', 5900, '', 6.0, 2004, 0, 'French '),
(306, 'The Mountain(Dag)', 'The heroic story of two soldiers trapped in an ambush, fighting for their lives.\r\n', ' Adventure, Drama, Thriller', 5400, '2697a36bcb09ecc3.jpg', 7.9, 2012, 0, 'Turkish '),
(307, 'Defiance ', 'Jewish brothers in Nazi-occupied Eastern Europe escape into the Belarussian forests, where they join Russian resistance fighters, and endeavor to build a village, in order to protect themselves and about one thousand Jewish non-combatants.\r\n', ' Action, Drama, History ', 8252, '', 7.2, 2008, 0, 'English'),
(308, 'Final Score', 'After deadly terrorists abduct his niece at a soccer match, an ex-soldier with lethal fighting skills wages a one-man war to save her and prevent mass destruction.\r\n', ' Action, Drama, Thriller ', 6240, '7a0397e3afaadeb1.jpg', 5.7, 2018, 0, 'English'),
(309, 'Fury ', 'A grizzled tank commander makes tough decisions as he and his crew fight their way across Germany in April, 1945.\r\n', ' Action, Drama, War', 8040, 'a65654cb6a5ddf8b.jpg', 7.6, 2014, 0, 'English'),
(310, 'Guardians of the Galaxy', 'A group of intergalactic criminals must pull together to stop a fanatical warrior with plans to purge the universe.\r\n', ' Action, Adventure, Comedy ', 7200, '6587a8d225bbe365.jpg', 8.0, 2014, 0, 'English'),
(311, 'Headshot ', 'Uwais plays a young man who washes ashore, an amnesiac with a serious head injury whose past comes back to haunt him shortly after being nursed back to health by a young doctor. Violence ensues. Sweet, sweet violence.\r\n', ' Action, Drama, Thriller', 7200, '9f73298ad0a325a8.jpg', 6.3, 2016, 0, 'English'),
(312, 'In the Heart of the Sea', 'A recounting of a New England whaling ship\'s sinking by a giant whale in 1820, an experience that later inspired the great novel Moby-Dick.\r\n', ' Action, Adventure, Biography ', 7320, 'f31796cd0b9b89c3.jpg', 6.9, 2015, 0, 'English'),
(313, 'Jack Ryan: Shadow Recruit', 'Jack Ryan, as a young covert C.I.A. analyst, uncovers a Russian plot to crash the U.S. economy with a terrorist attack.\r\n', 'Action, Drama, Thriller', 6300, '06a0b7d79e820462.jpg', 6.2, 2014, 0, 'English'),
(314, 'Mission: Impossible', 'An American agent, under false suspicion of disloyalty, must discover and expose the real spy without the help of his organization.\r\n', ' Action, Adventure, Thriller ', 6600, '56984847bbf195e7.jpg', 7.1, 1996, 0, 'English'),
(315, 'Mission: Impossible - Ghost Protocol', 'The IMF is shut down when it\'s implicated in the bombing of the Kremlin, causing Ethan Hunt and his new team to go rogue to clear their organization\'s name.\r\n', ' Action, Adventure, Thriller', 7920, 'b76e35625dd64150.jpg', 7.4, 2011, 0, 'English'),
(316, 'Mission: Impossible II', 'I.M.F. Agent Ethan Hunt is sent to Sydney, Australia to find and destroy a genetically modified disease called \"Chimera\".\r\n', ' Action, Adventure, Thriller ', 7380, '3ad1e75b3e00098b.jpg', 6.1, 2000, 0, 'English'),
(317, 'Mission: Impossible III', 'IMF Agent Ethan Hunt comes into conflict with a dangerous and sadistic arms dealer who threatens his life and his fiancee in response.\r\n', ' Action, Adventure, Thriller ', 7560, 'e9ea19c854d7403b.jpg', 6.9, 2006, 0, 'English'),
(318, 'Mission: Impossible - Rogue Nation', 'Ethan and team take on their most impossible mission yet, eradicating the Syndicate - an International rogue organization as highly skilled as they are, committed to destroying the IMF.\r\n', 'Action, Adventure, Thriller ', 7860, '618683c79a1d731f.jpg', 7.4, 2015, 0, 'English'),
(319, 'Never Back Down', 'A frustrated and conflicted teenager arrives at a new high school to discover an underground fight club and meet a classmate who begins to coerce him into fighting.\r\n', ' Action, Drama, Sport ', 6820, 'a916ed15fe119e8d.jpg', 6.6, 2008, 0, 'English'),
(320, 'Outpost ', 'In war-torn Eastern Europe, a world-weary group of mercenaries discover a long-hidden secret in an abandoned WWII bunker.\r\n', ' Action, Horror, Sci-Fi ', 5400, '0dd8fcd4ad41f575.jpg', 5.8, 2008, 0, 'English'),
(321, 'Punisher: War Zone', 'Frank Castle known as Punisher ruthlessly demolishes organized crime, but it starts an even bigger war.\r\n', ' Action, Crime, Drama', 6120, '099c1548d8193772.jpg', 5.9, 2008, 0, 'English'),
(322, 'Rogue One: A Star Wars Story', 'The daughter of an Imperial scientist joins the Rebel Alliance in a risky move to steal the Death Star plans.\r\n', 'Action, Adventure, Sci-Fi', 7980, '712b6726bea92290.jpg', 7.8, 2016, 0, 'English'),
(323, 'Sicario: Day of the Soldado', 'The drug war on the U.S.-Mexico border has escalated as the cartels have begun trafficking terrorists across the US border. To fight the war, federal agent Matt Graver re-teams with the mercurial Alejandro.\r\n', ' Action, Crime, Drama ', 7320, 'ea480f215d201de6.jpg', 7.1, 2008, 0, 'English'),
(324, 'Skyscraper', 'A security expert must infiltrate a burning skyscraper, 225 stories above ground, when his family is trapped inside by criminals.\r\n', ' Action, Adventure, Thriller', 6720, '7b1c2aeb1f19d04a.jpg', 5.8, 2018, 0, 'English'),
(325, 'Star Wars: Episode VII - The Force Awakens', 'Three decades after the Empire\'s defeat, a new threat arises in the militant First Order. Defected stormtrooper Finn and the scavenger Rey are caught up in the Resistance\'s search for the missing Luke Skywalker.\r\n', ' Action, Adventure, Sci-Fi ', 8280, 'd876b7b2cc3634bc.jpg', 7.9, 2015, 0, 'English'),
(326, 'The Arrival', 'Zane, an astronomer, discovers intelligent alien life. But the aliens are keeping a deadly secret, and will do anything to stop Zane from learning it.\r\n', ' Sci-Fi, Thriller ', 6900, 'ebde27a527705481.jpg', 6.3, 1996, 0, 'English'),
(327, 'The First Purge', 'America\'s third political party, the New Founding Fathers of America, comes to power and conducts an experiment: no laws for 12 hours on Staten Island. No one has to stay on the island, but $5,000 is given to anyone who does.\r\n', ' Action, Horror, Sci-Fi ', 5900, 'e9aa64ff05873bc8.jpg', 5.1, 2018, 0, 'English'),
(328, 'The Girl Who Kicked the Hornet\'s Nest', 'Lisbeth is recovering in a hospital and awaiting trial for three murders when she is released. Mikael must prove her innocence, but Lisbeth must be willing to share the details of her sordid experiences with the court.\r\n', 'Crime, Drama, Thriller ', 8820, '5080e36b159f057e.jpg', 7.3, 2009, 0, 'Swedish '),
(329, 'The Hunt for Red October', 'In November 1984, the Soviet Union\'s best submarine Captain in their newest sub violates orders and heads for the U.S. Is he trying to defect or to start a war?\r\n', ' Action, Adventure, Thriller ', 8100, '02198f804ddb39f7.jpg', 7.6, 1990, 0, 'English'),
(330, 'The Inglorious Bastards', 'In 1944 France, a group of escaped American military prisoners en route to Switzerland volunteers to steal a Nazi V2 rocket warhead for the Allies.\r\n', ' Action, Adventure, War ', 5840, 'a095d909c1af6085.jpg', 6.5, 1978, 0, 'French '),
(331, 'The Lost City of Z', 'A true-life drama, centering on British explorer Major Percival Fawcett, who disappeared whilst searching for a mysterious city in the Amazon in the 1920s.\r\n', ' Biography, Drama, History ', 8460, 'c7ec3e15bb136e14.jpg', 6.6, 2016, 0, 'English'),
(332, 'The Patriot', 'Peaceful farmer Benjamin Martin is driven to lead the Colonial Militia during the American Revolution when a sadistic British officer murders his son.\r\n', ' Action, Drama, History ', 0, '05a8bd3b99130760.jpg', 7.2, 2000, 0, 'English'),
(333, 'The Purge: Election Year ', 'Former Police Sergeant Barnes becomes head of security for Senator Charlie Roan, a Presidential candidate targeted for death on Purge night due to her vow to eliminate the Purge.\r\n', ' Action, Horror, Sci-Fi ', 6480, '8ff66642e47a9567.jpg', 6.0, 2016, 0, 'English'),
(334, 'The Sum of All Fears ', 'C.I.A. analyst Jack Ryan must stop the plans of a Neo-Nazi faction that threatens to induce a catastrophic conflict between the United States and Russia\'s newly elected President by detonating a nuclear weapon at a football game in Baltimore, Maryland.\r\n', ' Action, Drama, Thriller ', 7440, 'fbe989734132a7f5.jpg', 6.4, 2002, 0, 'English'),
(335, 'The World\'s End', 'Five friends who reunite in an attempt to top their epic pub crawl from twenty years earlier unwittingly become humanity\'s only hope for survival.\r\n', ' Action, Comedy, Sci-Fi', 6480, '53d910b13cdabec6.jpg', 7.0, 2013, 0, 'English'),
(336, 'Training Day', 'On his first day on the job as a Los Angeles narcotics officer, a rookie cop goes beyond a full work day in training within the narcotics division of the L.A.P.D. with a rogue detective who isn\'t what he appears to be.\r\n', ' Crime, Drama, Thriller ', 7320, '3a07c3066e4b45a9.jpg', 7.7, 2001, 0, 'English'),
(337, 'Unknown ', 'A man awakens from a coma, only to discover that someone has taken on his identity and that no one, (not even his wife), believes him. With the help of a young woman, he sets out to prove who he is.\r\n', ' Action, Mystery, Thriller ', 6780, '8e25d1f2253a9d3d.jpg', 6.8, 2011, 0, 'English'),
(342, '41', 'A young man discovers a hole in the floor of a local motel that leads to yesterday.\n', 'Drama,Sci-Fi', 4800, '7f4a311144639cfff5.jpg', 6.4, 2012, 0, 'English'),
(343, 'A Bridge Too Far', 'Operation Market Garden, September 1944: The Allies attempt to capture several strategically important bridges in the Netherlands in the hope of breaking the German lines.\n', 'Drama,History,War', 10500, '0245d0b05c5a20367e.jpg', 7.4, 1977, 0, 'English'),
(344, 'A Place in the Sun', 'A poor boy gets a job working for his rich uncle and ends up falling in love with two women.\n', 'Drama,Romance', 7320, '66531cb0a73cf6c6.jpg', 7.8, 1951, 0, 'English'),
(345, 'A Wednesday', 'A retiring police officer reminisces about the most astounding day of his career. About a case that was never filed but continues to haunt him in his memories - the case of a man and a Wednesday.\n', 'Crime,Drama,Mystrey', 6240, '642dcc2bf7f79d4a.jpg', 8.1, 2008, 0, 'English'),
(346, 'A Woman Under the Influence', 'Mabel, a wife and mother, is loved by her husband Nick but her mental illness proves to be a problem in the marriage.\n', 'Drama,Romance', 9300, 'd2bd49a7c07859694c.jpg', 8.2, 1974, 0, 'English'),
(348, 'Alice Does not Live Here Anymore', 'A recently widowed woman is on the road with her precocious young son, determined to make a new life for herself as a singer.\n', 'Drama,Romance', 6720, '77829e54f4fd926c5b.jpg', 7.3, 1974, 0, 'Italian'),
(349, 'All About Nina', 'Nina is a stand-up comedian who sees her life turned upside down when she meets Rafe.\n', 'Comedy,Drama,Romance', 5820, '94a6ac7a4677c483.jpg', 6.0, 2018, 0, 'English'),
(350, 'American Gangster', 'An outcast New York City cop is charged with bringing down Harlem drug lord Frank Lucas, whose real life inspired this partly biographical film.\n', 'Crime,Drama', 9420, '7b7374f6c2b10464.jpg', 7.8, 2007, 0, 'English'),
(351, 'American Hustle', 'A con man, Irving Rosenfeld, along with his seductive partner Sydney Prosser, is forced to work for a wild F.B.I. Agent, Richie DiMaso, who pushes them into a world of Jersey powerbrokers and the Mafia.\n', 'Crime,Drama', 7800, '587814e5c5997b2c.jpg', 7.2, 2013, 0, 'English'),
(352, 'Audition', 'A widower takes an offer to screen girls at a special audition, arranged for him by a friend to find him a new wife. The one he fancies is not who she appears to be after all.\n', 'Drama,Horror,Mystrey', 6900, 'a78a1d8d6de70f1429.jpg', 7.2, 1999, 0, 'Chinease'),
(353, 'Bad Times at the El Royale', 'Early 1970s. Four strangers check in at the El Royale Hotel. The hotel is deserted, staffed by a single desk clerk. Some of the new guests\' reasons for being there are less than innocent and some are not who they appear to be.\n', 'Crime,Drama,Mystrey', 8460, '3427afc2c93221980c.jpg', 7.1, 2018, 0, 'English'),
(354, 'Barry Lyndon', 'An Irish rogue wins the heart of a rich widow and assumes her dead husband\'s aristocratic position in 18th-century England.\n', 'Adventure,Drama,History', 11100, '20fa7569c8bb83ec.jpg', 8.1, 1975, 0, 'English'),
(355, 'Be With You', 'Woo Jin takes care of his son Ji Ho alone after his wife Soo A passed away. Before she passed away, she promised she would be back on a rainy day one year later. One year later, Soo A appears again, but she does not remember anything.\n', 'Drama,Fantsy,Romance', 7920, '297cd4a42da30562ea.jpg', 7.6, 2018, 0, 'Korean'),
(356, 'Black Book', 'In the Nazi-occupied Netherlands during World War II, a Jewish singer infiltrates the regional Gestapo headquarters for the Dutch resistance.\n', 'Drama,Thirller,War', 8700, '4fd241497ff8a42b61.jpg', 7.7, 2006, 0, 'English'),
(357, 'Black Mirror: Bandersnatch', 'A young programmer starts to question reality when he adapts a mad writer\'s fantasy novel into a video game.\n', 'Drama,Mystrey,Sci-Fi', 5400, '8a56a7a5f5743d60.jpg', 7.2, 2018, 0, 'English'),
(358, 'Black Narcissus', 'After opening a convent in the Himalayas, five nuns encounter conflict and tension - both with the natives and also within their own group - as they attempt to adapt to their remote, exotic surroundings.\n', 'Drama', 6060, '0b63b81b776787a170.jpg', 7.8, 1947, 0, 'English');

-- --------------------------------------------------------

--
-- بنية الجدول `movies_cast`
--

CREATE TABLE `movies_cast` (
  `id` int(11) NOT NULL,
  `movie_id` int(11) NOT NULL,
  `actor_id` int(11) NOT NULL
) ENGINE=InnoDB DEFAULT CHARSET=utf8 COLLATE=utf8_bin;

-- --------------------------------------------------------

--
-- بنية الجدول `movies_tokens`
--

CREATE TABLE `movies_tokens` (
  `id` int(11) NOT NULL,
  `movie_id` int(11) NOT NULL,
  `tokenID` text COLLATE utf8_bin NOT NULL
) ENGINE=InnoDB DEFAULT CHARSET=utf8 COLLATE=utf8_bin;

--
-- إرجاع أو استيراد بيانات الجدول `movies_tokens`
--

INSERT INTO `movies_tokens` (`id`, `movie_id`, `tokenID`) VALUES
(1, 1, 'wyup2es6w51o'),
(2, 2, 'd9qndqsey1n4'),
(3, 3, 'zmn1us2ob1z9'),
(4, 4, '2jl7tn05n19v'),
(5, 5, 'mty8vvszbnui'),
(6, 6, '9mcz55wvxio5'),
(7, 7, 'ffn877swhy1c'),
(12, 9, 'ju071m1y4e0z'),
(13, 10, 'lyim24xqnafa'),
(14, 11, '31yashxneia8'),
(15, 12, '4h6u6svxi9km'),
(16, 13, 'z4z5oje8ym7a'),
(17, 14, 'x7nzfpjbfb3d'),
(18, 15, '65irpkvcw2rb'),
(19, 16, '249ghwzrjh2v'),
(20, 17, 'lwp1qx3izzgi'),
(21, 18, 'stajctqww5ek'),
(22, 19, 'ejetrgdwrjlg'),
(23, 20, '3xpky8n2jdyu'),
(24, 21, 'lpimwlyy448s'),
(25, 22, 'cyqemmp5z4dg'),
(26, 23, 'gr3isf0prr6o'),
(27, 24, 'uyjbihtf9l8w'),
(28, 25, 'u7pzob3g26ng'),
(29, 26, 'xp8a47898hyl'),
(30, 27, 'h1yywgx53iai'),
(31, 28, '87dvk4oj6ggm'),
(32, 29, '4e11qthatmp6'),
(33, 30, '6vn7j5hq176n'),
(34, 31, '6wh6mqa6i6db'),
(35, 32, 'v0qu4onou2e0'),
(36, 33, '204h87ehtgcq'),
(37, 34, 'odp5z1hvl1eq'),
(38, 35, 'trqh5hah4xsp'),
(39, 36, 't5tu5z2x5ia7'),
(40, 37, 'e3uv58tq1jnb'),
(41, 38, '6pp5nbnbejre'),
(42, 39, 'j6vuugflrz0w'),
(43, 40, 'y78u4vgnn1np'),
(44, 41, 'r3svpe15hy5b'),
(45, 42, 'sofi7xnn3e6o'),
(46, 43, '4lsstl8g1yvh'),
(48, 44, 'ouo00k8jyi4c'),
(49, 45, 'je2om514jbb6'),
(50, 46, '0xwjv38jj3t8'),
(51, 47, 'e2zf5h3qjyg2'),
(52, 48, '46segrwb801k'),
(53, 49, 'sn9e64lzunvy'),
(54, 50, 'qfnli6nnh2c1'),
(55, 51, '632ygb6kp3x0'),
(56, 52, 'u5wrxlkcbgtw'),
(57, 53, 'h11yqb65vrse'),
(58, 54, 'nfvlkfdd04l7'),
(59, 55, 'b1977twk83sq'),
(60, 56, 'ljcmimssa9rl'),
(61, 57, '9b38b9jryj5u'),
(62, 58, 'rdo7heppv47h'),
(63, 59, 'eh8uu4627r5f'),
(64, 60, 'xwzv3fi5fyjt'),
(65, 61, '12kr9kn5j65x'),
(66, 62, 'jwr8zn5zjnlz'),
(67, 63, 'jj24rpyb2n1u'),
(68, 64, '7ta82i2c9vol'),
(69, 65, 'xcrzx9fx8dsg'),
(70, 66, '9xztpzkfh5hr'),
(71, 67, '13dcjvxudkwr'),
(72, 68, 'iinxfroivs1w'),
(73, 69, 'mhc3y6m1ntc2'),
(74, 70, 'jc98gch8y6hv'),
(75, 71, '9d9kug8uz5gj'),
(76, 72, 'm25whpight33'),
(77, 73, 'miqnt7k0hno0'),
(78, 74, 'i079ofm3y3ck'),
(79, 75, 'zydyne5vhwmz'),
(80, 76, 'lgrfza52ash2'),
(81, 77, 'lgqmh3mose3c'),
(84, 78, 'm7sdpx85j5u0'),
(85, 79, 'o2g90i8m89ll'),
(86, 80, 'agw92da0mfq2'),
(87, 81, 'sl46d1l6l5rd'),
(88, 82, 's9viwv07vwie'),
(89, 83, '00ivrblk0kki'),
(90, 84, 'x1vxbkomoxi7'),
(91, 85, 'x480pti2ioga'),
(92, 86, 'n4o2w57dvugb'),
(93, 87, 'fiovuegjeamg'),
(94, 88, 'ej85hk90ha4f'),
(95, 89, '20miu74co8du'),
(96, 90, '9561qmzsmxx2'),
(97, 91, 'qx1z75z4us2l'),
(98, 92, '5ji3ld8vutf7'),
(99, 93, 'a1ykko9uucwc'),
(100, 94, 'y17diltcf4zx'),
(101, 95, 'l7l918m6rzeg'),
(102, 96, 'dp7ia57qedaq'),
(103, 97, '1oopterb8kqx'),
(104, 98, '56udnssjkcdb'),
(105, 99, 'dwhc27y04zpj'),
(106, 100, 'f7x14jkx66sw'),
(107, 101, '0ksyc05k72du'),
(108, 102, '4mutrdk80xul'),
(109, 103, 'mz8iux4yalgv'),
(110, 104, '8o1p5bq0cfnx'),
(111, 105, 'imfn26jvef4p'),
(112, 106, '532vpi362uqg'),
(113, 107, 'xliwsj8a1xsx'),
(114, 108, 'cbhxyl1yh99m'),
(115, 109, 'w50hxwy97dcc'),
(116, 110, 'qm46gybvqkab'),
(117, 111, '603bksudsfzr'),
(118, 112, '2w2q6bclfbno'),
(119, 113, 'xcp96mtnktgq'),
(120, 115, 'egjflx05fyey'),
(121, 116, '0j2evx1wkzdr'),
(122, 117, 'bzlrod4ibi1m'),
(123, 118, '24ff5prtd69s'),
(124, 119, 'c37w5ix1hx4d'),
(125, 120, 'bxdzt2qso00v'),
(126, 121, '7ktm50v2z18q'),
(127, 122, '6zjr5otm9we0'),
(128, 123, 'h0t0w1th7rsq'),
(129, 124, 'mw7oi2rr0xnl'),
(130, 125, 'a3asaw4el7f8'),
(131, 126, '1js6ncypjesm'),
(132, 127, '4rzad6037fft'),
(133, 128, '1a6jcsvkwz0i'),
(134, 129, 'jtmhjvz69jf0'),
(135, 130, 'sos227n0z7n0'),
(136, 131, 'yvwab3hjg4ta'),
(137, 132, '80hxi4mdvooo'),
(138, 133, 'b06scv3l1v9r'),
(139, 134, 'dw2u5js80d0w '),
(140, 135, 'vhbhah945afk'),
(141, 136, 'zi0qxjeloa5t'),
(142, 137, 'gozljcgxx4my '),
(143, 138, 'ys5qjsnnrd9v'),
(144, 139, 'pa6lbwxk3ef4'),
(145, 140, '1vjjob3ph803'),
(146, 141, 'loyhj34di2r1'),
(147, 142, 'dw5glu79qlgo'),
(148, 143, 'lryyvrn0umaf'),
(149, 144, 'pjszg2itvc30'),
(150, 145, 'qidgy5q11o8h'),
(151, 146, 'l5u7m8ij8k3i'),
(152, 147, 'xh9yf7prpozg'),
(153, 148, 'j0ea2ds147l7'),
(154, 149, 'f8x4sipxbuyl'),
(155, 150, '6ap55hcywstb'),
(156, 151, '71lupbawcg8f'),
(157, 152, 'alupuyj72r91'),
(158, 153, 'r7tzimw30asp'),
(160, 154, '670crnwwt85s'),
(161, 155, 'xjvwrhxctfac'),
(162, 156, 'nmkqvezygcz6'),
(163, 157, 'uju8j2m3adv9'),
(165, 158, 'abvzhjlch7mj'),
(166, 159, '68nmq4iv2nw9'),
(167, 160, 'wjghj4dk7rpq'),
(168, 161, 'sq1kr6t5ubvi'),
(169, 162, '3hl17fyu4buj'),
(170, 163, 'ur3sn6wqqwq5'),
(171, 164, 'smc5tpq8wad2'),
(172, 165, 'wam1b4o5hh4t'),
(173, 166, '6dn56beju10n'),
(174, 167, 'gmpmbq661sd2'),
(175, 168, 'udil8pry9ifn'),
(176, 169, 'jtcojyud4k02'),
(177, 170, 'kwf0z3b4o46a'),
(178, 171, 'knk8hzamoxi5'),
(179, 172, '46t6tvalogqt'),
(180, 173, '0r60vohpad2r'),
(181, 174, 'tf8xyqrnc60a'),
(182, 175, 'pwnv309u4nvu'),
(183, 176, 'awruujjbdo5h'),
(184, 177, 'snn7lytdhdj5'),
(186, 178, '5odtnnblkiar'),
(187, 179, '0ipt9ad1tisc'),
(188, 180, '6w8fllsqiq54'),
(189, 181, 'jqecevia127y'),
(190, 182, 'aho0zimp88ht'),
(191, 183, 'yaol8h0ue1c4'),
(192, 184, 'vk3lqfl7dhgy'),
(193, 185, 'km1sxytytbtd'),
(194, 186, 'li7cmxm4imc3'),
(195, 187, 'e4t6u2wt7he3'),
(196, 188, '16pa1n1bvari'),
(197, 189, '3gbn21vdvesr'),
(198, 190, '9hqyz3x1c7h0'),
(199, 191, 'oagjdueebr9p'),
(200, 192, 'x4pg1wohecbh'),
(201, 193, 'dtn53z978tmy'),
(202, 194, 'kzt5k7wzlq5m'),
(203, 195, 'ic31e97b310i'),
(204, 196, '1rlxxrbivevk'),
(205, 197, '32tdgo9bed2l'),
(206, 198, 'mg7nu6p5gk2l'),
(207, 199, '8fx81l6vw35i'),
(208, 200, '8fs8kh18y0x4'),
(209, 201, 'wb0oncg5z6bv'),
(210, 202, 'rvwjyn47ybh4'),
(211, 203, 'io9psa6xd3jx'),
(212, 204, 'i2uzb5h5c7j2'),
(213, 205, '66u988xwc7h8'),
(214, 206, 'obn9mdz8ufed'),
(215, 207, 'tzfzvsuxko3c'),
(216, 208, 'g0jbvo6sgw08'),
(217, 209, 'knrniffhzn7a'),
(218, 210, 'e27xve8dby6i'),
(219, 211, 'g5ecke3kitwu'),
(220, 212, '3ayh1llwn9tu'),
(221, 213, 'gwa958zr4601'),
(222, 214, 'c2mrx843mqch'),
(223, 215, '8ei29zeuxofd'),
(224, 216, 'wlci248t0mzb'),
(226, 217, 't52xoppihvg8'),
(228, 218, 'kuk99azyt1wy'),
(229, 219, 'axad056xmkzx'),
(230, 220, 'hjvb81815y7t'),
(231, 221, '0gupdhcbxlj3'),
(232, 222, '0lgs3enpwgyf'),
(236, 223, 'wpcipmqgi33a'),
(237, 224, 'secnj5hxlqw6'),
(239, 225, 'jw47emhbvemt'),
(240, 226, 'urpvk4ydsovk'),
(241, 227, 'i5z6oecnbkzl'),
(242, 228, '06nt6l4hv5s4'),
(243, 229, 'adwg8he9pc5t'),
(244, 230, 'yeryei10mrm1'),
(246, 231, '6ejysuw10umd'),
(247, 232, 'e4wie1bxmf38'),
(248, 233, 'ocve80r89uwj'),
(249, 234, '8z8r467lp7i5'),
(250, 235, 'emokki7tv0qr'),
(251, 236, '9xktloyris7b'),
(253, 237, 'r8jtywxy3web'),
(254, 238, '4iyp7eb810zp'),
(255, 239, 's0hsmz6i9nwp'),
(256, 240, '6fhwppqp8wzq'),
(257, 241, 'hruf415abjjj'),
(258, 242, 'm63h0fqfpizf'),
(259, 243, '270dlzsod9kt'),
(260, 244, 'rao22eksg3uk'),
(261, 245, 'swnwlsva5dvs'),
(262, 246, '4pjsgawt17tt'),
(263, 247, '6qdsejme6oph'),
(264, 248, 'uow7wa3pu7ga'),
(265, 249, '4rg8zrp7c2se'),
(266, 250, '562odwasndtk'),
(267, 251, 'eidb52cjp2hd'),
(268, 252, 'yo2ismv42k9a'),
(269, 253, 'rahfmz1jpqt0'),
(270, 254, 'rdhm4tva9u1e'),
(271, 255, 'skm182phzifw'),
(272, 256, 'lu96zhpa21n2'),
(273, 257, 'kvqihvvrg3vu'),
(276, 259, 'snz1iicwi57e'),
(277, 260, 'ic4phl3u5gcd'),
(278, 261, 'k5srvbn4swc3'),
(279, 262, 'lsxxjmzh401z'),
(281, 263, '4gtovjr1ybba'),
(283, 264, 'rdrax1vuvv8l'),
(285, 265, 'sne19lu6vzzc'),
(286, 266, '9ti3slc563z5'),
(287, 267, '51s6g7qytu24'),
(288, 268, 'wgptv98duq42'),
(289, 269, '8bf39mn2p6sh'),
(290, 270, 'j5d1lkvjpv12'),
(291, 271, '7x5qqwo9yzgl'),
(292, 272, 'b9rphyu42lvn'),
(293, 273, 'yujm68hprns2'),
(294, 274, 'lx298mjgmpxp'),
(295, 275, '793kz7mk9tbc'),
(296, 276, 'tun98t6w1n21'),
(297, 277, 'jru84c7dvos2'),
(298, 278, '6yd12c834zvx'),
(299, 279, '7q375q1l6e0a'),
(301, 281, 'qg2e1m6xbsav'),
(302, 282, '2z192i4k3kib'),
(303, 283, '4zmarkyxj3gf'),
(304, 284, 'kqhk7qqilklf'),
(305, 285, 'vf0s5hvb78sx'),
(306, 286, 'oxewgz68oab4'),
(307, 287, '8vtlrrgc1cl9'),
(308, 288, 'szd6v6xwd9n4'),
(309, 289, 'tkjmvzugwjhn'),
(310, 290, 'dm4561zvqxxf'),
(311, 291, 'f9qv5v5woz90'),
(312, 292, 'xxj96ngzsb93'),
(313, 293, 'oubge5ttqafk'),
(314, 294, 'zz0brlbg72vv'),
(315, 295, 'i16ma49261h3'),
(316, 296, 'g7st14o7j0er'),
(317, 297, 'd2ihcwhbfuff'),
(318, 298, 'h1xftlsrlknp'),
(319, 299, '1who3jbgekkz'),
(320, 300, 'ar3dtqkvslph'),
(321, 301, 'qagq9sek0g1m'),
(322, 302, 'hz49tsfr39b1'),
(323, 303, '39o9sltj7iu0'),
(324, 304, 'https://mega.nz/#!pBV2DQQQ!wNdfrjkBkK4KjgAxGOhAWIG5HHJkbQAUJ6RLLNTZQz4'),
(325, 305, 'kwig3ptr11mj'),
(326, 306, 'qn73x7ehp5xg'),
(327, 307, 'lkqirhbz4mfd'),
(328, 308, 'ymnqd16lpw5u'),
(329, 309, '4cqy3o5wr9j1'),
(330, 310, '0v6ch32g68ns'),
(331, 311, 'tnn5x02he1ar'),
(332, 312, '9gwk86i321pm'),
(334, 313, 't4posf8tae5w'),
(335, 314, 'wj45peentyw5'),
(336, 315, 'vl352ysrwl33'),
(337, 316, 'bu3hyyguc06n'),
(338, 317, 'lu1g1pcpynfd'),
(339, 318, 'vjhlm5ja2uk7'),
(340, 319, '0y2pslgj4jfc'),
(341, 320, 'ic4faouslq8l'),
(342, 321, '6of6tkxk2zg3'),
(343, 322, 'z1nlmeb5q6lo'),
(344, 323, 'fr5v6kxm34vu'),
(345, 324, 'sgcgv41l5pgi'),
(346, 325, '0p0i717byb2q'),
(348, 326, 'k3otwq3f06p9'),
(349, 327, '00jj5ddx5bwd'),
(350, 328, 'j1ryule9fj4c'),
(351, 329, 'k4bacg3dy136'),
(352, 330, 'lavmnm9tkq58'),
(353, 331, 'o1eqspt5y9rg'),
(354, 332, 'q8zs8eil3t2o'),
(355, 333, 'n326um81cr1j'),
(356, 334, 'lb1sljs7rlqf'),
(357, 335, 'sm0pvdmygwhg'),
(358, 336, 'qgtmoeeknnza'),
(359, 337, 'pcsehbjefgf8'),
(363, 342, 'dodboemyf581'),
(364, 343, '41x8ea11cgpa'),
(365, 344, 'boztokmusion'),
(366, 345, '3d2b8by05n81'),
(367, 346, 'idd7oq4hec0l'),
(369, 348, 'uifjc1g0f3z3'),
(370, 349, 'iw5y9w8ejhiv'),
(371, 350, 'zyen29ukikpe'),
(372, 351, 'p17gf00lzfnq'),
(373, 352, 'axgmazanjfxz'),
(374, 353, '4v0l5qvo1kq1'),
(375, 354, 'uug5q7f7qe7l'),
(376, 355, 'j935el75in23'),
(377, 356, '6uqkmoafonww'),
(378, 357, 'g1x6r25y5ia6'),
(379, 358, 'qnzhr2f3igro');

-- --------------------------------------------------------

--
-- بنية الجدول `requests`
--

CREATE TABLE `requests` (
  `id` int(11) NOT NULL,
  `name` text COLLATE utf8_bin NOT NULL
) ENGINE=InnoDB DEFAULT CHARSET=utf8 COLLATE=utf8_bin;

-- --------------------------------------------------------

--
-- بنية الجدول `series`
--

CREATE TABLE `series` (
  `id` int(11) NOT NULL,
  `name` text COLLATE utf8_bin NOT NULL,
  `description` text COLLATE utf8_bin NOT NULL,
  `type` text COLLATE utf8_bin NOT NULL,
  `sessionCount` int(11) NOT NULL,
  `imageURL` text COLLATE utf8_bin NOT NULL,
  `rating` float NOT NULL,
  `year` int(11) NOT NULL,
  `language` text COLLATE utf8_bin NOT NULL,
  `episodesCount` int(11) NOT NULL
) ENGINE=InnoDB DEFAULT CHARSET=utf8 COLLATE=utf8_bin;

--
-- إرجاع أو استيراد بيانات الجدول `series`
--

INSERT INTO `series` (`id`, `name`, `description`, `type`, `sessionCount`, `imageURL`, `rating`, `year`, `language`, `episodesCount`) VALUES
(1, 'Élite', 'When three working-class teenagers begin attending an exclusive private school in Spain, the clash between them and the wealthy students leads to murder.\r\n\r\nAdd to Watchlist\r\n', 'Crime, Drama, Thriller\r\n', 3, '3177a907ce4bbdb2.jpg', 7.6, 2018, 'Spanish', 28),
(2, 'I Am Not Okay with This', 'Sydney is a teenage girl navigating the trials and tribulations of high school while dealing with the complexities of her family, her budding sexuality, and mysterious superpowers just beginning to awaken deep within her.\r\n', ' Comedy', 1, '0447bf531ab023be.jpg', 7.7, 2020, 'English', 7),
(3, 'Dark \r\n', 'A family saga with a supernatural twist, set in a German town, where the disappearance of two young children exposes the relationships among four families.\r\n', 'Crime, Drama, Mystery', 2, '8e016189e1911b9b.jpg', 8.7, 2017, 'German ', 18),
(4, 'His Dark Materials', 'A young girl is destined to liberate her world from the grip of the Magisterium which represses people\'s ties to magic and their animal spirits known as daemons.\r\n', ' Adventure, Drama, Family', 1, '8c599940474d9dae.jpg', 8, 2019, 'English', 8),
(5, 'The Outsider \r\n', 'Investigators are confounded over an unspeakable crime that\'s been committed.\r\n', 'Crime, Drama, Mystery', 1, '676079e681af58ea.jpg', 8.2, 2020, 'English', 10),
(6, 'Stranger Things \r\n', 'When a young boy disappears, his mother, a police chief and his friends must confront terrifying supernatural forces in order to get him back.\r\n', ' Drama, Fantasy, Horror ', 3, '199454b6e3aaa1d8.jpg', 8.8, 2016, 'English', 25),
(7, 'La Casa de Papel', 'A group of unique robbers assault the Factory of Moneda and Timbre to carry out the most perfect robbery in the history of Spain and take home 2.4 billion euros.\r\n', ' Action, Crime, Mystery', 3, '20f2f84ac5c09065.jpg', 8.5, 2017, 'Spanish', 23),
(8, 'The Witcher \r\n', 'Geralt of Rivia, a solitary monster hunter, struggles to find his place in a world where people often prove more wicked than beasts.\r\n', 'Action, Adventure, Drama', 1, '6e548f6e35f8617d.jpg', 8.3, 2019, 'English', 8),
(9, 'Locke & Key \r\n', 'After their father is murdered under mysterious circumstances, the three Locke siblings and their mother move into their ancestral home, Keyhouse, which they discover is full of magical keys that may be connected to their father\'s death.\r\n', ' Drama, Fantasy, Horror', 1, 'ce5b2e617d165b41.jpg', 7.4, 2020, 'English', 10),
(10, 'The Good Doctor \r\n', 'Shaun Murphy, a young surgeon with autism and Savant syndrome, is recruited into the surgical unit of a prestigious hospital.\r\n', 'Drama', 3, 'a98f96f23811ce0a.jpg', 8.2, 2017, 'English', 56),
(11, 'Daredevil ', 'A blind lawyer by day, vigilante by night. Matt Murdock fights the crime of New York as Daredevil.\r\n', ' Action, Crime, Drama', 3, '869c916feb41d2c1.jpg', 8.6, 2015, 'English', 39),
(12, 'Watchmen \r\n', 'Set in an alternate history where masked vigilantes are treated as outlaws, Watchmen embraces the nostalgia of the original groundbreaking graphic novel of the same name, while attempting to break new ground of its own.\r\n', 'Action, Drama, Mystery', 1, 'a6c35550e7c834a9.jpg', 8.1, 2019, 'English', 9),
(13, 'You', 'A dangerously charming, intensely obsessive young man goes to extreme measures to insert himself into the lives of those he is transfixed by.\r\n', 'Crime, Drama, Romance', 2, '9e7282e7e1b13be6.jpg', 7.8, 2018, 'English', 20),
(14, 'A Series of Unfortunate Events \r\n', 'After the loss of their parents in a mysterious fire, the three Baudelaire children face trials and tribulations attempting to uncover dark family secrets.\r\n', ' Adventure, Comedy, Drama', 3, '267a1a6fcd36554f.jpg', 7.8, 2017, 'English', 25),
(15, 'Black Mirror \r\n', 'An anthology series exploring a twisted, high-tech multiverse where humanity\'s greatest innovations and darkest instincts collide.\r\n', 'Drama, Sci-Fi, Thriller', 5, 'b59b8574d80dcede.jpg', 8.8, 2011, 'English', 22),
(16, 'Westworld ', 'Set at the intersection of the near future and the reimagined past, explore a world in which every human appetite can be indulged without consequence.\r\n', ' Drama, Mystery, Sci-Fi', 3, '8e30b7206bdd62ac.jpg', 8.7, 2016, 'English', 28),
(17, 'Chernobyl \r\n', 'In April 1986, an explosion at the Chernobyl nuclear power plant in the Union of Soviet Socialist Republics becomes one of the world\'s worst man-made catastrophes.\r\n', 'Drama, History, Thriller', 1, 'a8493ec2adc155df.jpg', 9.4, 2019, 'Russian ', 5),
(18, '13 Reasons Why \r\n', 'Follows teenager Clay Jensen, in his quest to uncover the story behind his classmate and crush, Hannah, and her decision to end her life.\r\n', 'Drama, Mystery', 3, 'e3f5cf477498f9a7.jpg', 7.8, 2017, 'English', 49),
(19, 'Good Omens ', 'A tale of the bungling of Armageddon features an angel, a demon, an eleven-year-old Antichrist, and a doom-saying witch.\n', 'Comedy,Fantsy', 1, '8d8f12ac3bb1809477.jpg', 8.1, 2019, 'English', 6),
(20, 'Ozark ', 'A financial adviser drags his family from Chicago to the Missouri Ozarks, where he must launder money to appease a drug boss.\n', 'Crime,Drama,Thirller', 3, 'cd8260771d122e2567.jpg', 8.3, 2017, 'Arabic', 30),
(22, 'Hannibal ', 'Explores the early relationship between the renowned psychiatrist and his patient, a young FBI criminal profiler, who is haunted by his ability to empathize with serial killers.\n', 'Crime,Drama,Horror', 2, '97c262541677f48001.jpg', 8.5, 2013, 'English', 28),
(23, 'Sex Education ', 'A teenage boy with a sex therapist mother teams up with a high school classmate to set up an underground sex therapy clinic at school.\n', 'Comedy,Drama', 1, '6cc31434fae52aa48c.jpg', 8.3, 2019, 'English', 8),
(24, 'The Haunting of Hill House ', 'Flashing between past and present, a fractured family confronts haunting memories of their old home and the terrifying events that drove them from it.\n', 'Drama,Horror,Mystrey', 1, '2a19fae7169e00e74a.jpg', 8.7, 2018, 'English', 10),
(34, 'The Handmaid\'s Tale', 'Set in a dystopian future, a woman is forced to live as a concubine under a fundamentalist theocratic dictatorship.', 'Drama,Sci-Fi,Thirller', 1, '5897ff9612ce73bd.jpg', 8.5, 2017, 'English', 10),
(35, 'The Umbrella Academy ', 'A family of former child heroes, now grown apart, must reunite to continue to protect the world.\n', 'Action, Adventure, Comedy', 1, 'e7298bd99c5f4b9991.jpg', 8, 2019, 'English', 10),
(37, 'Dexter', 'By day, mild mannered Dexter is a blood spatter analyst for the Miami police. But at night, he is a serial killer who only targets other murderers.\n', 'Crime,Drama,Mystrey', 8, '1bfcf92b2aed203a16.jpg', 8.6, 2006, 'English', 96),
(38, 'Kingdom ', 'While strange rumors about their ill King grip a kingdom, the crown prince becomes their only hope against a mysterious plague overtaking the land.\n', 'Action,Drama,Horror', 1, 'f4fc2d0a080061830f.jpg', 8.3, 2019, 'Korean', 6);

-- --------------------------------------------------------

--
-- بنية الجدول `series_cast`
--

CREATE TABLE `series_cast` (
  `id` int(11) NOT NULL,
  `series_id` int(11) NOT NULL,
  `actor_id` int(11) NOT NULL
) ENGINE=InnoDB DEFAULT CHARSET=utf8 COLLATE=utf8_bin;

-- --------------------------------------------------------

--
-- بنية الجدول `series_seasons`
--

CREATE TABLE `series_seasons` (
  `id` int(11) NOT NULL,
  `seriesID` int(11) NOT NULL,
  `number` int(11) NOT NULL,
  `imageUrl` text COLLATE utf8_bin NOT NULL,
  `episodeCount` int(11) NOT NULL
) ENGINE=InnoDB DEFAULT CHARSET=utf8 COLLATE=utf8_bin;

--
-- إرجاع أو استيراد بيانات الجدول `series_seasons`
--

INSERT INTO `series_seasons` (`id`, `seriesID`, `number`, `imageUrl`, `episodeCount`) VALUES
(4, 1, 1, 'fbf2e3b1bb601887.jpg', 8),
(5, 1, 2, '5dad1aa28834c765.jpg', 8),
(6, 1, 3, 'b32f68a4e36a3daa.jpg', 8),
(7, 2, 1, '0447bf531ab023be.jpg', 7),
(8, 3, 1, '8e016189e1911b9b.jpg', 10),
(9, 3, 2, '2e7ec192d2efc51b.jpg', 8),
(10, 4, 1, '8c599940474d9dae.jpg', 8),
(11, 5, 1, '676079e681af58ea.jpg', 10),
(12, 6, 1, '423bd31534bb0656.jpg', 8),
(13, 6, 2, '9546600689a34d20.jpg', 9),
(14, 6, 3, '7f17f5a7625c6d4e.jpg', 8),
(15, 7, 2, '4269d8390c3ee621.jpg', 6),
(16, 7, 3, '4c4e360f85fa9e50.jpg', 8),
(17, 8, 1, '6e548f6e35f8617d.jpg', 8),
(18, 9, 1, 'ce5b2e617d165b41.jpg', 10),
(19, 10, 3, 'a98f96f23811ce0a.jpg', 20),
(20, 11, 1, '59355573773b5578.jpg', 13),
(21, 11, 2, 'a17aff340bfc4f93.jpg', 13),
(22, 11, 3, '9815412e5774267b.jpg', 13),
(23, 12, 1, 'a6c35550e7c834a9.jpg', 9),
(24, 13, 1, 'ff40b96d31324301.jpg', 10),
(25, 13, 2, '580a3bf9792f8904.jpg', 10),
(26, 14, 1, '79a09f832ae202ce.jpg', 8),
(27, 14, 2, 'd4d95efa23b5ad82.jpg', 10),
(28, 14, 3, '534d59c157fc6c5f.jpg', 7),
(29, 15, 4, '1ca7bf1613a103d6.jpg', 6),
(30, 15, 5, 'ad4cad1c7d5b4f02.jpg', 3),
(31, 16, 1, '8e30b7206bdd62ac.jpg', 10),
(32, 16, 2, '60fbe69ae7d5840c.jpg', 10),
(33, 16, 3, 'f4b0768cea1f6279.jpg', 8),
(34, 17, 1, 'a8493ec2adc155df.jpg', 5),
(35, 18, 1, 'e3f5cf477498f9a7.jpg', 13),
(36, 7, 4, 'cc2b0a2c12fe5b3b.jpg', 8),
(37, 19, 1, 'e5a6f71f39789b5590.jpg', 6),
(38, 20, 1, 'f85106fd0b9da681be.jpg', 10),
(39, 20, 2, 'c062dff62ae5bbd4d4.jpg', 10),
(40, 20, 3, 'd8b9b16ae4cfc107b1.jpg', 10),
(41, 15, 3, 'e69d97867e0da542.jpg', 6),
(43, 22, 1, '1f3cdc01ad7ca1cdd7.jpg', 14),
(44, 22, 2, 'bb7eefd2a81fec7ec1.jpg', 13),
(45, 23, 2, '77ae12febb57854e97.jpg', 8),
(46, 24, 1, '7d315f4138942fb3b1.jpg', 13),
(49, 34, 1, 'ca98364c3de9671a.jpg', 10),
(50, 35, 1, 'e7298bd99c5f4b9991.jpg', 10),
(52, 37, 1, 'faf241d6916b973b1c.jpg', 12),
(53, 37, 2, 'fecd4cbc4f283f0114.jpg', 12),
(54, 37, 3, '8579805dac2ce99588.jpg', 12),
(55, 37, 4, '6c4c1235787ba85099.jpg', 12),
(56, 37, 5, '3fe91d11b037fa69f8.jpg', 12),
(57, 37, 6, 'f5e3e31beca6613b00.jpg', 12),
(58, 37, 7, '18c648b9d5e251600d.jpg', 12),
(59, 37, 8, '3fe91d11b037fa69f8.jpg', 12),
(60, 38, 2, 'd66e53019b7e6c8a92.jpg', 6);

-- --------------------------------------------------------

--
-- بنية الجدول `videoquality`
--

CREATE TABLE `videoquality` (
  `id` int(11) NOT NULL,
  `tokenID` int(11) NOT NULL,
  `path` text COLLATE utf8_bin NOT NULL,
  `fileName` text COLLATE utf8_bin NOT NULL
) ENGINE=InnoDB DEFAULT CHARSET=utf8 COLLATE=utf8_bin;

--
-- Indexes for dumped tables
--

--
-- Indexes for table `cast_list`
--
ALTER TABLE `cast_list`
  ADD PRIMARY KEY (`id`);

--
-- Indexes for table `categories`
--
ALTER TABLE `categories`
  ADD PRIMARY KEY (`categoryID`);

--
-- Indexes for table `episdoes_list`
--
ALTER TABLE `episdoes_list`
  ADD PRIMARY KEY (`id`),
  ADD KEY `season_id` (`season_id`);

--
-- Indexes for table `episodes_videos`
--
ALTER TABLE `episodes_videos`
  ADD PRIMARY KEY (`id`),
  ADD KEY `episode_id` (`episode_id`);

--
-- Indexes for table `gmail_accounts`
--
ALTER TABLE `gmail_accounts`
  ADD PRIMARY KEY (`id`);

--
-- Indexes for table `languages`
--
ALTER TABLE `languages`
  ADD PRIMARY KEY (`languageID`);

--
-- Indexes for table `movies`
--
ALTER TABLE `movies`
  ADD PRIMARY KEY (`id`);
ALTER TABLE `movies` ADD FULLTEXT KEY `name` (`name`);
ALTER TABLE `movies` ADD FULLTEXT KEY `type` (`type`);

--
-- Indexes for table `movies_cast`
--
ALTER TABLE `movies_cast`
  ADD PRIMARY KEY (`id`),
  ADD KEY `movie_id` (`movie_id`),
  ADD KEY `actor_id` (`actor_id`);

--
-- Indexes for table `movies_tokens`
--
ALTER TABLE `movies_tokens`
  ADD PRIMARY KEY (`id`),
  ADD KEY `movie_id` (`movie_id`);

--
-- Indexes for table `series`
--
ALTER TABLE `series`
  ADD PRIMARY KEY (`id`);
ALTER TABLE `series` ADD FULLTEXT KEY `type` (`type`);
ALTER TABLE `series` ADD FULLTEXT KEY `name` (`name`);

--
-- Indexes for table `series_cast`
--
ALTER TABLE `series_cast`
  ADD PRIMARY KEY (`id`),
  ADD KEY `actor_id` (`actor_id`),
  ADD KEY `series_cast_ibfk_2` (`series_id`);

--
-- Indexes for table `series_seasons`
--
ALTER TABLE `series_seasons`
  ADD PRIMARY KEY (`id`),
  ADD KEY `season` (`seriesID`);

--
-- Indexes for table `videoquality`
--
ALTER TABLE `videoquality`
  ADD PRIMARY KEY (`id`),
  ADD KEY `tokenID` (`tokenID`);

--
-- AUTO_INCREMENT for dumped tables
--

--
-- AUTO_INCREMENT for table `cast_list`
--
ALTER TABLE `cast_list`
  MODIFY `id` int(11) NOT NULL AUTO_INCREMENT, AUTO_INCREMENT=21;

--
-- AUTO_INCREMENT for table `categories`
--
ALTER TABLE `categories`
  MODIFY `categoryID` int(11) NOT NULL AUTO_INCREMENT, AUTO_INCREMENT=22;

--
-- AUTO_INCREMENT for table `episdoes_list`
--
ALTER TABLE `episdoes_list`
  MODIFY `id` int(11) NOT NULL AUTO_INCREMENT, AUTO_INCREMENT=544;

--
-- AUTO_INCREMENT for table `episodes_videos`
--
ALTER TABLE `episodes_videos`
  MODIFY `id` int(11) NOT NULL AUTO_INCREMENT, AUTO_INCREMENT=545;

--
-- AUTO_INCREMENT for table `gmail_accounts`
--
ALTER TABLE `gmail_accounts`
  MODIFY `id` int(11) NOT NULL AUTO_INCREMENT;

--
-- AUTO_INCREMENT for table `languages`
--
ALTER TABLE `languages`
  MODIFY `languageID` int(11) NOT NULL AUTO_INCREMENT, AUTO_INCREMENT=17;

--
-- AUTO_INCREMENT for table `movies`
--
ALTER TABLE `movies`
  MODIFY `id` int(11) NOT NULL AUTO_INCREMENT, AUTO_INCREMENT=359;

--
-- AUTO_INCREMENT for table `movies_cast`
--
ALTER TABLE `movies_cast`
  MODIFY `id` int(11) NOT NULL AUTO_INCREMENT;

--
-- AUTO_INCREMENT for table `movies_tokens`
--
ALTER TABLE `movies_tokens`
  MODIFY `id` int(11) NOT NULL AUTO_INCREMENT, AUTO_INCREMENT=380;

--
-- AUTO_INCREMENT for table `series`
--
ALTER TABLE `series`
  MODIFY `id` int(11) NOT NULL AUTO_INCREMENT, AUTO_INCREMENT=39;

--
-- AUTO_INCREMENT for table `series_seasons`
--
ALTER TABLE `series_seasons`
  MODIFY `id` int(11) NOT NULL AUTO_INCREMENT, AUTO_INCREMENT=61;

--
-- قيود الجداول المحفوظة
--

--
-- القيود للجدول `episdoes_list`
--
ALTER TABLE `episdoes_list`
  ADD CONSTRAINT `episdoes_list_ibfk_1` FOREIGN KEY (`season_id`) REFERENCES `series_seasons` (`id`);

--
-- القيود للجدول `episodes_videos`
--
ALTER TABLE `episodes_videos`
  ADD CONSTRAINT `episodes_videos_ibfk_1` FOREIGN KEY (`episode_id`) REFERENCES `episdoes_list` (`id`);

--
-- القيود للجدول `movies_cast`
--
ALTER TABLE `movies_cast`
  ADD CONSTRAINT `movies_cast_ibfk_1` FOREIGN KEY (`actor_id`) REFERENCES `cast_list` (`id`);

--
-- القيود للجدول `movies_tokens`
--
ALTER TABLE `movies_tokens`
  ADD CONSTRAINT `movies_tokens_ibfk_1` FOREIGN KEY (`movie_id`) REFERENCES `movies` (`id`);

--
-- القيود للجدول `series_cast`
--
ALTER TABLE `series_cast`
  ADD CONSTRAINT `series_cast_ibfk_1` FOREIGN KEY (`actor_id`) REFERENCES `cast_list` (`id`),
  ADD CONSTRAINT `series_cast_ibfk_2` FOREIGN KEY (`series_id`) REFERENCES `series` (`id`);

--
-- القيود للجدول `series_seasons`
--
ALTER TABLE `series_seasons`
  ADD CONSTRAINT `series_seasons_ibfk_1` FOREIGN KEY (`seriesID`) REFERENCES `series` (`id`);
COMMIT;

/*!40101 SET CHARACTER_SET_CLIENT=@OLD_CHARACTER_SET_CLIENT */;
/*!40101 SET CHARACTER_SET_RESULTS=@OLD_CHARACTER_SET_RESULTS */;
/*!40101 SET COLLATION_CONNECTION=@OLD_COLLATION_CONNECTION */;
